{
  "vi": {
    " ": "khoảng trắng",
    "\n": "Xuống dòng",
    "\r": "xuống dòng",
    "!": "chấm than",
    "\"": "chéo ngược",
    "#": "báo số",
    "$": "đô la",
    "%": "phần trăm",
    "&": "và",
    "'": "nháy đơn",
    "(": "mở ngoặc tròn",
    ")": "đóng ngoặc tròn",
    "+": "cộng",
    "-": "gạch ngang",
    "*": "sao",
    "/": "gạch chéo",
    ",": "phẩy",
    ".": "chấm",
    ":": "hai chấm",
    ";": "chấm phẩy",
    "<": "nhỏ hơn",
    "=": "bằng",
    "∽": "dấu ngã ngược",
    ">": "lớn hơn",
    "?": "chấm hỏi",
    "@": "A còng",
    "[": "mở ngoặc vuông",
    "\\": "chéo ngược",
    "]": "đóng ngoặc vuông",
    "^": "mũ",
    "_": "gạch dưới",
    "`": "huyền",
    "{": "mở ngoặc nhọn",
    "|": "gạch đứng",
    "}": "đóng ngoặc nhọn",
    "~": "ngã",
    "。": "dấu chấm tượng hình",
    "《": "dấu ngoặc góc kép mở",
    "》": "dấu ngoặc góc kép đóng",
    "、": "tượng hình comma",
    "‘": "mở ngoặc đơn",
    "’": "đóng ngoặc đơn",
    "“": "mở ngoặc kép",
    "”": "đóng ngoặc kép",
    "·": "chấm giữa",
    "￥": "yen sign",
    "…": "ba chấm",
    "—": "gạch nối",
    "，": "dấu phẩy toàn chiều rộng",
    "　": "white space",
    "？": "fullwidth question mark",
    "；": "fullwidth semicolon",
    "：": "fullwidth colon",
    "｛": "fullwidth left curly bracket",
    "｝": "fullwidth right curly bracket",
    "！": "fullwidth exclamation mark",
    "（": "fullwidth left paren",
    "）": "fullwidth right paren",
    "～": "fullwidth tilde",
    "＠": "fullwidth at",
    "＃": "fullwidth hash",
    "％": "fullwidth percent",
    "＆": "fullwidth ampersant",
    "×": "nhân",
    "－": "fullwidth dash",
    "＼": "fullwidth backslash",
    "／": "fullwidth slash",
    "［": "fullwidth left square bracket",
    "］": "fullwidth right square bracket",
    "【": "dấu ngoặc thấu kính đen mở",
    "】": "dấu ngoặc thấu kính đen đóng",
    "〖": "dấu ngoặc thấu kính rỗng mở",
    "〗": "dấu ngoặc thấu kính rỗng đóng",
    "＞": "fullwidth greater than sign",
    "＜": "fullwidth less than sign",
    "≥": "lớn hơn hoặc bằng",
    "≤": "nhỏ hơn hoặc bằng",
    "≠": "not equal",
    "＝": "fullwidth equals sign",
    "＋": "fullwidth plus sign",
    "÷": "chia",
    "★": "black star",
    "☆": "white star",
    "△": "tam giác",
    "▲": "tam giác hướng lên",
    "▽": "hình tam giác rỗng hướng xuống",
    "▼": "tam giác hướng xuống",
    "◆": "rô đen",
    "◇": "hình kim cương rỗng",
    "□": "hình vuông trắng",
    "⊿": "tam giác vuông",
    "㎜": "millimeter",
    "㎝": "centimeter",
    "㎞": "kilometer",
    "㎡": "square meter",
    "㎎": "suqrae mg",
    "㎏": "kilogram",
    "℉": "degree fahrenheit",
    "‰": "phần ngàn",
    "→": "mũi tên phải",
    "←": "mũi tên trái",
    "↑": "mũi tên lên",
    "↓": "mũi tên xuống",
    "∴": "kết luận",
    "√": "Căn bậc hai",
    "±": "cộng trừ",
    "...": "chấm chấm chấm",
    "???": "chấm hỏi chấm hỏi chấm hỏi",
    "!!!": "chấm than chấm than chấm than",
    "..": "chấm chấm",
    "??": "chấm hỏi chấm hỏi",
    "!!": "chấm than chấm than"
  },
  "zh": {
    " ": "空格",
    "\n": "换行",
    "\r": "回车",
    "!": "叹号",
    "\"": "双引号",
    "#": "井号",
    "$": "美元",
    "%": "百分号",
    "&": "按的",
    "'": "单引号",
    "(": "左括号",
    ")": "右括号",
    "+": "加",
    "-": "减",
    "*": "星",
    "/": "斜杠",
    ",": "逗号",
    ".": "点",
    ":": "冒号",
    ";": "分号",
    "<": "小于",
    "=": "等于",
    "∽": "约等于",
    ">": "大于",
    "?": "问号",
    "@": "按特",
    "[": "左方括号",
    "\\": "反斜杠",
    "]": "右方括号",
    "^": "抑扬号",
    "_": "下划线",
    "`": "反撇号",
    "{": "左花括号",
    "|": "竖杠",
    "}": "右花括号",
    "~": "波浪号",
    "。": "全角句号",
    "《": "左书名号",
    "》": "右书名号",
    "、": "顿号",
    "‘": "左单引号",
    "’": "右单引号",
    "“": "左双引号",
    "”": "右双引号",
    "·": "圆点",
    "￥": "人民币",
    "…": "省略号",
    "—": "破折号",
    "，": "全角逗号",
    "　": "全角空格",
    "？": "全角问号",
    "；": "全角分号",
    "：": "全角冒号",
    "｛": "全角左花括号",
    "｝": "全角右花括号",
    "！": "全角叹号",
    "（": "全角左括号",
    "）": "全角右括号",
    "～": "全角波浪号",
    "＠": "全角按特",
    "＃": "全角井",
    "％": "全角百分号",
    "＆": "全角和",
    "×": "全角乘号",
    "－": "全角减号",
    "＼": "全角反斜杠",
    "／": "全角斜杠",
    "［": "全角左方括号",
    "］": "全角右方括号",
    "【": "实心左方括号",
    "】": "实心右方括号",
    "〖": "空心左方括号",
    "〗": "空心右方括号",
    "＞": "全角大于号",
    "＜": "全角小于号",
    "≥": "不小于",
    "≤": "不大于",
    "≠": "不等于",
    "＝": "等号",
    "＋": "加",
    "÷": "除以",
    "★": "实心五角星",
    "☆": "空心五角星",
    "△": "空心三角形",
    "▲": "实心三角形",
    "▽": "空心倒三角",
    "▼": "实心倒三角",
    "◆": "实心菱形",
    "◇": "空心菱形",
    "□": "方框",
    "⊿": "三角形",
    "㎜": "毫米",
    "㎝": "厘米",
    "㎞": "千米",
    "㎡": "平方米",
    "㎎": "质量",
    "㎏": "千克",
    "℉": "华氏度",
    "‰": "千分号",
    "→": "右箭头",
    "←": "左箭头",
    "↑": "上箭头",
    "↓": "下箭头",
    "∴": "所以",
    "√": "对勾",
    "±": "正负",
    "。。。": "三个句号",
    "？？？": "三个问号",
    "！！！": "三个感叹号",
    "。。": "两个句号",
    "？？": "两个问号",
    "！！": "两个感叹号"
  },
  "pt": {
    " ": "Espaço",
    "\n": "Nova Linha",
    "\r": "Retorno de Carro",
    "!": "Exclamação",
    "\"": "Aspas",
    "#": "Cardinal",
    "$": "Cifrão",
    "%": "Porcento",
    "&": "E comercial",
    "'": "Apóstrofo",
    "(": "Abre Parênteses",
    ")": "Fecha Parênteses",
    "+": "Mais",
    "-": "hífem",
    "*": "Asterísco",
    "/": "Barra",
    ",": "vírgula",
    ".": "Ponto",
    ":": "Dois pontos",
    ";": "Ponto e vírgula",
    "<": "Menor",
    "=": "igual",
    "∽": "Aproximadamente igual",
    ">": "Maior",
    "?": "Interrogação",
    "@": "Arroba",
    "[": "Abre colchête",
    "\\": "Barra invertida",
    "]": "Fecha colchête",
    "^": "Circunflexo",
    "_": "Sublinhado",
    "`": "Acento grave",
    "{": "Abre Chave",
    "|": "Barra vertical",
    "}": "Fecha chave",
    "~": "tio",
    "。": "Ponto",
    "《": "Abre colchête de ângulo duplo",
    "》": "Abre colchête de ângulo duplo",
    "、": "Sinal de número",
    "‘": "Abre aspas simples",
    "’": "Fecha aspas simples",
    "“": "Abre aspas",
    "”": "Fecha aspas",
    "·": "Ponto centrado",
    "￥": "Símbulo de yen",
    "…": "Elipses",
    "—": "Menos",
    "，": "Vírgula",
    "　": "Espaço",
    "？": "Interrogação",
    "；": "Ponto e vírgula",
    "：": "Dois pontos",
    "｛": "Abre colchête",
    "｝": "Fecha colchête",
    "！": "Exclamação",
    "（": "Abre parênteses",
    "）": "Fecha Parênteses",
    "～": "Tio",
    "＠": "Arroba",
    "＃": "Cardinal",
    "％": "Porcento",
    "＆": "E comercial",
    "×": "Vezes",
    "－": "Hífem",
    "＼": "Barra invertida",
    "／": "barra",
    "［": "Abre chave",
    "］": "Fecha chave",
    "【": "Abre colchête pempendicular",
    "】": "fecha colchête pempendicular",
    "〖": "Abre colchête pempendicular branco",
    "〗": "Fecha colchête pempendicular branco",
    "＞": "Maior",
    "＜": "Menor",
    "≥": "Maior ou igual",
    "≤": "Menor ou igual",
    "≠": "Não igual",
    "＝": "igual",
    "＋": "mais",
    "÷": "Dividido por",
    "★": "Estrela preta",
    "☆": "Estrela branca",
    "△": "triângulo vazado apontando para cima",
    "▲": "triângulo preenchido apontando para cima",
    "▽": "triângulo vazado apontando para baixo",
    "▼": "triângulo preenchido apontando para baixo",
    "◆": "Diamante preenchido",
    "◇": "Diamante vazado",
    "□": "Quadrado",
    "⊿": "Triângulo",
    "㎜": "Milímetros",
    "㎝": "Centímetros",
    "㎞": "Kilômetro",
    "㎡": "Metros quadrados",
    "㎎": "Miligramas",
    "㎏": "Kilograma",
    "℉": "fahrenheit",
    "‰": "Por mille",
    "→": "Seta para a direita",
    "←": "Seta para a esquerda",
    "↑": "Seta acima",
    "↓": "Seta abaixo",
    "∴": "assim sendo",
    "√": "raiz quadrada",
    "±": "Mais ou menos",
    "...": "Reticências",
    "???": "Interrogação tripla",
    "!!!": "Exclamação tripla ",
    "..": "Ponto duplo",
    "??": "interrogação dupla",
    "!!": "Exclamação dupla",
    "à": "a crase",
    "á": "a agudo",
    "â": "a circunflexo",
    "ã": "a til",
    "ä": "a trema",
    "è": "êh grave",
    "é": "êh agudo",
    "ê": "êh circunflexo",
    "ì": "i grave",
    "í": "i agudo",
    "î": "i circunflexo",
    "ñ": "n til",
    "ò": "ôh grave",
    "ó": "ôh agudo",
    "ô": "ôh circunflexo",
    "õ": "ôh til",
    "ö": "ôh trema",
    "ù": "u grave",
    "ú": "u agudo",
    "û": "u circunflexo",
    "ü": "u trema"
  },
  "hr": {
    " ": "razmak",
    "\n": "novi redak",
    "\r": "novi redak",
    "!": "uskličnik",
    "\"": "navodnik",
    "#": "broj",
    "$": "dolar",
    "%": "posto",
    "&": "trgovačko i",
    "'": "apostrof",
    "(": "otvorena zagrada",
    ")": "zatvorena zagrada",
    "+": "plus",
    "-": "minus",
    "*": "zvjezdica",
    "/": "kosa crta",
    ",": "zarez",
    ".": "točka",
    ":": "dvotočka",
    ";": "točka zarez",
    "<": "manje od",
    "=": "jednako",
    "∽": "skoro pa jednako",
    ">": "Veće od",
    "?": "upitnik",
    "@": "pri",
    "[": "Lijeva uglata",
    "\\": "obrnuta kosa crta",
    "]": "desna uglata",
    "^": "krović",
    "_": "podcrtano",
    "`": "naglasak",
    "{": "lijeva vitičasta",
    "|": "okomita crta",
    "}": "desna vitičasta",
    "~": "tilda",
    "。": "točka",
    "《": "otvoreni navodnik",
    "》": "zatvoreni navodnik",
    "、": "broj",
    "‘": "otvoreni polunavodnik",
    "’": "zatvoreni polunavodnik",
    "“": "otvoreni navodnik",
    "”": "zatvoreni navodnik",
    "·": "puta",
    "￥": "jen",
    "…": "tri točke",
    "—": "minus",
    "，": "zarez",
    "　": "razmak",
    "？": "Upitnik",
    "；": "točka zarez",
    "：": "dvotočka",
    "｛": "otvorena uglata zagrada",
    "｝": "zatvorena uglata zagrada",
    "！": "uskličnik",
    "（": "otvorena zagrada",
    "）": "zatvorena zagrada",
    "～": "tilda",
    "＠": "pri",
    "＃": "broj",
    "％": "posto",
    "＆": "trgovačko i",
    "×": "puta",
    "－": "crtica",
    "＼": "obrnuta kosa crta",
    "／": "kosa crta",
    "［": "otvorena kvadratna zagrada",
    "］": "zatvorena kvadratna zagrada",
    "【": "otvorena crna lentikularna zagrada",
    "】": "zatvorena crna lentikularna zagrada",
    "〖": "otvorena bijela lentikularna zagrada",
    "〗": "zatvorena bijela lentikularna zagrada",
    "＞": "Veće od",
    "＜": "manje od",
    "≥": "veće ili jednako",
    "≤": "manje ili jednako",
    "≠": "nije jednako",
    "＝": "jednako",
    "＋": "plus",
    "÷": "podjeljeno",
    "★": "crna zvjezdica",
    "☆": "bijela zvjezdica",
    "△": "trokut koji pokazuje u lijevo",
    "▲": "trokut koji pokazuje prema gore",
    "▽": "bijeli trokut koji pokazuje prema dolje",
    "▼": "crni trokut koji pokazuje prema dolje",
    "◆": "crni dijamant",
    "◇": "bijela točka",
    "□": "kvadrat",
    "⊿": "trokut",
    "㎜": "milimetar",
    "㎝": "centimetar",
    "㎞": "kilometar",
    "㎡": "metar kvadratni",
    "㎎": "miligram",
    "㎏": "kilogram",
    "℉": "stupanj farenhajta",
    "‰": "promil",
    "→": "desna strelica",
    "←": "Lijeva strelica",
    "↑": "strelica gore",
    "↓": "strelica dolje",
    "∴": "Stoga, dakle",
    "√": "drugi korijen",
    "±": "plus ili minus",
    "...": "tri točke",
    "???": "tri upitnika",
    "!!!": "tri uskličnika",
    "..": "tri točke",
    "??": "tri upitnika",
    "!!": "dvije šestine"
  },
  "pl": {
    " ": "spacja",
    "\n": "Nowy wiersz",
    "\r": "koniec linii",
    "!": "wykrzyknik",
    "\"": "cudzysłów",
    "#": "hash",
    "$": "dolar",
    "%": "procent",
    "&": "and",
    "'": "apostrof",
    "(": "lewy nawias",
    ")": "prawy nawias",
    "+": "plus",
    "-": "minus",
    "*": "gwiazdka",
    "/": "slesz",
    ",": "przecinek",
    ".": "kropka",
    ":": "dwukropek",
    ";": "średnik",
    "<": "mniejsze",
    "=": "równe",
    "∽": "w przybiżeniu równe",
    ">": "większe",
    "?": "znak zapytania",
    "@": "małpa",
    "[": "lewy kwadratowy",
    "\\": "bekslesz",
    "]": "prawy kwadratowy",
    "^": "daszek",
    "_": "podkreślenie",
    "`": "akcent",
    "{": "lewy klamrowy",
    "|": "logiczne lub",
    "}": "prawy kwadratowy",
    "~": "tylda",
    "。": "kropka",
    "《": "podwójony lewy nawias kątowy",
    "》": "podwójny prawy nawias kątowy",
    "、": "kropka dziesiętna",
    "‘": "lewy pojedynczy cudzysłów",
    "’": "prawy pojedynczy cudzysłów",
    "“": "lewy cudzysłów",
    "”": "prawy cudzysłów",
    "·": "kropka środkowa",
    "￥": "yen",
    "…": "wielokropek",
    "—": "minus",
    "，": "przecinek",
    "　": "biała spacja",
    "？": "znak zapytania",
    "；": "średnik",
    "：": "dwukropek",
    "｛": "lewy klamrowy",
    "｝": "prawy klamrowy",
    "！": "wykrzyknik",
    "（": "lewy nawias",
    "）": "prawy nawias",
    "～": "tylda",
    "＠": "małpa",
    "＃": "hash",
    "％": "procent",
    "＆": "ampersant",
    "×": "razy",
    "－": "minus",
    "＼": "bekslesz",
    "／": "slesz",
    "［": "lewy kwadratowy",
    "］": "prawy kwadratowy",
    "【": "otwarty czarny nawias wstążkowy",
    "】": "zamknięty czarny nawias stążkowy",
    "〖": "biały wstążkowy nawias otwarty",
    "〗": "biały wstążkowy nawias zamknięty",
    "＞": "większe",
    "＜": "mniejsze",
    "≥": "większe lub równe",
    "≤": "mniejsze lub równe",
    "≠": "różne",
    "＝": "równe",
    "＋": "plus",
    "÷": "dzielenie",
    "★": "gwiazdka",
    "☆": "gwiazdka",
    "△": "biały trójkąt pokazujący do góry",
    "▲": "czarny trujkąt pokazujący do góry",
    "▽": "czarny trujkont pokazujący do dołu",
    "▼": "biały trujkąt pokazujący do dołu",
    "◆": "czarna kropka",
    "◇": "biała kropka",
    "□": "kwadrat",
    "⊿": "trujkąt",
    "㎜": "milimetr",
    "㎝": "centymetr",
    "㎞": "kilometr",
    "㎡": "metr kwadratowy",
    "㎎": "miligram",
    "㎏": "kilogram",
    "℉": "stopnie farenchaita",
    "‰": "tysięczne",
    "→": "strzałka w prawo",
    "←": "strzałka w lewo",
    "↑": "strzałka w górę",
    "↓": "strzałka w dół",
    "∴": "dla tego",
    "√": "pierwiastek kwadratowy",
    "±": "plus minus",
    "...": "wielokropek",
    "???": "potrójny znak zapytania",
    "!!!": "potrójny wykrzyknik",
    "..": "podwójna kropka",
    "??": "podwójny znak zapytania",
    "!!": "podwójny wykrzyknik"
  },
  "ru": {
    " ": "пробел",
    "\n": "новая строка",
    "\r": "возврат каретки",
    "!": "восклицательный знак",
    "\"": "ковычка",
    "#": "решетка",
    "$": "знак доллара",
    "%": "процент",
    "&": "амперсант",
    "'": "апостроф",
    "(": "левая круглая скобка",
    ")": "правая круглая скобка",
    "+": "плюс",
    "-": "дефис",
    "*": "звездочка",
    "/": "слэш",
    ",": "запятая",
    ".": "точка",
    ":": "двоеточие",
    ";": "точка с запятой",
    "<": "меньше",
    "=": "равно",
    "∽": "приблизительно равно",
    ">": "больше",
    "?": "вопросительный знак",
    "@": "собака",
    "[": "левая квадратная скобка",
    "\\": "обратный слэш",
    "]": "правая квадратная скобка",
    "^": "крышка",
    "_": "нижнее подчеркивание",
    "`": "обратный апостроф",
    "{": "левая фигурная скобка",
    "|": "вертекальная черта",
    "}": "правая фигурная скобка",
    "~": "тильда",
    "。": "точка",
    "《": "левая двойная угловая скобка",
    "》": "правая двойная угловая скобка",
    "、": "Числовой знак",
    "‘": "левая одиночная ковычка",
    "’": "правая одиночная ковычка",
    "“": "правая ковычка лапка",
    "”": "правая двойная ковычка",
    "·": "средняя точка",
    "￥": "знак иены",
    "…": "многоточие",
    "—": "длинное тире",
    "，": "запятая",
    "　": "белый пробел",
    "？": "знак вопроса",
    "；": "точка с запятой",
    "：": "двоеточие",
    "｛": "левая фигурная скобка",
    "｝": "правая фигурная скобка",
    "！": "восклицательный знак",
    "（": "левая скобка",
    "）": "правая скобка",
    "～": "тильда",
    "＠": "собака",
    "＃": "решетка",
    "％": "процент",
    "＆": "амперсант",
    "×": "знак умножения",
    "－": "тире",
    "＼": "обратная косая черта",
    "／": "косая черта",
    "［": "левая квадратная скобка",
    "］": "правая квадратная скобка",
    "【": "левосторонняя черная скобка",
    "】": "правосторонняя черная скобка",
    "〖": "левосторонняя белая скобка",
    "〗": "правосторонняя белая скобка",
    "＞": "знак больше",
    "＜": "знак меньше",
    "≥": "больше или равно",
    "≤": "меньше или равно",
    "≠": "не равно",
    "＝": "знак равенства",
    "＋": "плюс",
    "÷": "знак деления",
    "★": "закрашенная звезда",
    "☆": "незакрашенная звезда",
    "△": "белый треугольник с вершиной вверх",
    "▲": "черный треугольник с вершиной вверх",
    "▽": "белый треугольник с вершиной вниз",
    "▼": "черный треугольник с вершиной вниз",
    "◆": "черный алмаз",
    "◇": "белый алмаз",
    "□": "белый квадрат",
    "⊿": "прямоугольный треугольник",
    "㎜": "Квадратный миллиметр",
    "㎝": "квадратный сантиметр",
    "㎞": "квадратный километр",
    "㎡": "квадратный метр",
    "㎎": "квадратный миллиграмм",
    "㎏": "квадратный килограмм",
    "℉": "градус по Фаренгейту",
    "‰": "знак промилле",
    "→": "стрелка вправо",
    "←": "стрелка влево",
    "↑": "стрелка вверх",
    "↓": "стрелка вниз",
    "∴": "влечет",
    "√": "квадратный корень",
    "±": "плюс минус",
    "...": "тройной знак точки",
    "???": "тройной вопросительный знак",
    "!!!": "тройной восклицательный знак",
    "..": "двойная точка",
    "??": "двойной вопросительный знак",
    "!!": "двойной восклицательный знак"
  },
  "sr": {
    " ": "размак",
    "\n": "нови ред",
    "\r": "нови ред",
    "!": "узвичник",
    "\"": "наводник",
    "#": "број",
    "$": "долар",
    "%": "проценат",
    "&": "трговачко и",
    "'": "апостроф",
    "(": "отворена заграда",
    ")": "zatvorena zagrada",
    "+": "плус",
    "-": "минус",
    "*": "звездица",
    "/": "коса црта",
    ",": "зарез",
    ".": "тачка",
    ":": "двотачка",
    ";": "тачка зарез",
    "<": "мање од",
    "=": "једнако",
    "∽": "скоро па једнако",
    ">": "Веће од",
    "?": "упитник",
    "@": "ет",
    "[": "Лева угласта",
    "\\": "обрнута коса црта",
    "]": "десна угласта",
    "^": "кровић",
    "_": "доња црта",
    "`": "нагласак",
    "{": "лева витичаста",
    "|": "усправна црта",
    "}": "десна витичаста",
    "~": "тилда",
    "。": "тачка",
    "《": "отворени наводник",
    "》": "затворени наводник",
    "、": "број",
    "‘": "отворени полунаводник",
    "’": "затворени полунаводник",
    "“": "отворени наводник",
    "”": "затворени наводник",
    "·": "пута",
    "￥": "јен",
    "…": "три тачке",
    "—": "минус",
    "，": "зарез",
    "　": "размак",
    "？": "Упитник",
    "；": "тачка зарез",
    "：": "двотачка",
    "｛": "отворена угласта заграда",
    "｝": "затворена угласта заграда",
    "！": "узвичник",
    "（": "отворена заграда",
    "）": "затворена заграда",
    "～": "тилда",
    "＠": "ет",
    "＃": "број",
    "％": "проценат",
    "＆": "трговачко и",
    "×": "пута",
    "－": "цртица",
    "＼": "обрнута коса црта",
    "／": "коса црта",
    "［": "отворена квадратна заграда",
    "］": "затворена квадратна заграда",
    "【": "отворена црна лентикуларна заграда",
    "】": "затворена црна лентикуларна заграда",
    "〖": "отворена бела лентикуларна заграда",
    "〗": "затворена бела лентикуларна заграда",
    "＞": "Веће од",
    "＜": "мање од",
    "≥": "веће од или једнако",
    "≤": "мање од или једнако",
    "≠": "није једнако",
    "＝": "једнако",
    "＋": "плус",
    "÷": "подељено",
    "★": "црна звездица",
    "☆": "бела звездица",
    "△": "троугао који показује у лево",
    "▲": "троугао који показује према горе",
    "▽": "бели троугао који показује према доле",
    "▼": "црни троугао који показује према доле",
    "◆": "црни дијамант",
    "◇": "бела тачка",
    "□": "квадрат",
    "⊿": "троугао",
    "㎜": "милиметар",
    "㎝": "центиметар",
    "㎞": "километар",
    "㎡": "метар квадратни",
    "㎎": "милиграм",
    "㎏": "килограм",
    "℉": "степен фаренхајта",
    "‰": "промил",
    "→": "десна стрелица",
    "←": "Лева стрелица",
    "↑": "стрелица горе",
    "↓": "стрелица доле",
    "∴": "Стога, дакле",
    "√": "квадратни корен",
    "±": "плус или минус",
    "...": "три тачке",
    "???": "три упитника",
    "!!!": "три узвичника",
    "..": "три тачке",
    "??": "три упитника",
    "!!": "две шестине"
  },
  "tr": {
    " ": "boşluk",
    "\n": "yeni satır",
    "\r": "satır başı",
    "!": "ünlem",
    "\"": "tırnak",
    "#": "diyez işareti",
    "$": "dolar",
    "%": "yüzde",
    "&": "ve",
    "'": "kesme işareti",
    "(": "sol parentez",
    ")": "sağ parentez",
    "+": "artı",
    "-": "eksi",
    "*": "yıldız",
    "/": "bölü",
    ",": "virgül",
    ".": "nokta",
    ":": "iki nokta",
    ";": "noktalı virgül",
    "<": "küçüktür",
    "=": "eşittir",
    "∽": "yaklaşık eşit işareti",
    ">": "büyüktür",
    "?": "soru işareti",
    "@": "et",
    "[": "sol köşeli ayraç",
    "\\": "ters bölü",
    "]": "sağ köşeli ayraç",
    "^": "ampersan",
    "_": "altçizgi",
    "`": "aksan işareti",
    "{": "sol kaşlı ayraç",
    "|": "dikey çizgi",
    "}": "sağ kaşlı ayraç",
    "~": "yaklaşık işareti",
    "。": "tam nokta",
    "《": "sol çift açılı ayraç",
    "》": "sağ çift açılı ayraç",
    "、": "Number sign",
    "‘": "sol tek tırnak",
    "’": "sağ tek tırnak",
    "“": "sol tırnak",
    "”": "sağ tırnak",
    "·": "orta nokta",
    "￥": "yen",
    "…": "üç nokta",
    "—": "tire",
    "，": "tam virgül",
    "　": "beyaz boşluk",
    "？": "tam soru işareti",
    "；": "tam noktalı virgül",
    "：": "tam iki nokta",
    "｛": "tam sol kaşlı ayraç",
    "｝": "tam sağ kaşlı ayraç",
    "！": "tam ünlem",
    "（": "tam sol parentez",
    "）": "tam sağ parentez",
    "～": "tam yaklaşık işareti",
    "＠": "tam et",
    "＃": "tam diyez",
    "％": "tam yüzde",
    "＆": "tam ampersan",
    "×": "çarpı",
    "－": "tam tire",
    "＼": "tam ters bölü",
    "／": "tam bölü",
    "［": "tam sol köşeli ayraç",
    "］": "tam sağ köşeli ayraç",
    "【": "sol siyah merceksi ayraç",
    "】": "sağ siyah merceksi ayraç",
    "〖": "sol beyaz merceksi ayraç",
    "〗": "sağ beyaz merceksi ayraç",
    "＞": "tam büyüktür",
    "＜": "tam küçüktür",
    "≥": "büyüktür veya eşittir",
    "≤": "küçüktür veya eşittir",
    "≠": "eşit değil",
    "＝": "tam eşittir",
    "＋": "tam artı",
    "÷": "bölme işareti",
    "★": "siyah yıldız",
    "☆": "beyaz yıldız",
    "△": "yukarıyı gösteren beyaz üçgen",
    "▲": "yukarıyı gösteren siyah üçgen",
    "▽": "Aşağıyı gösteren beyaz üçgen",
    "▼": "Aşağıyı gösteren siyah üçgen",
    "◆": "black diamond",
    "◇": "white diamond",
    "□": "kare",
    "⊿": "üçgen",
    "㎜": "milimetre",
    "㎝": "santimetre",
    "㎞": "kilometre",
    "㎡": "metre kare",
    "㎎": "miligram kare",
    "㎏": "kilogram",
    "℉": "fahrenheit",
    "‰": "mil",
    "→": "sağ ok",
    "←": "sol ok",
    "↑": "yukarı ok",
    "↓": "aşağı ok",
    "∴": "bu yüzden",
    "√": "kare kök",
    "±": "artı veya eksi",
    "...": "üç nokta",
    "???": "üç soru işareti",
    "!!!": "üç ünlem",
    "..": "çift nokta",
    "??": "çift soru işareti",
    "!!": "altıda iki"
  },
  "es": {
    " ": "espacio",
    "\n": "nueva línea",
    "\r": "retorno de carro",
    "!": "cerrar exclamación",
    "\"": "comillas",
    "#": "número",
    "$": "signo de dólar",
    "%": "porciento",
    "&": "et",
    "'": "apóstrofo",
    "(": "abrir paréntesis",
    ")": "cerrar paréntesis",
    "+": "más",
    "-": "guión",
    "*": "asterisco",
    "/": "barra",
    ",": "coma",
    ".": "punto",
    ":": "dos puntos",
    ";": "punto y coma",
    "<": "menor qué",
    "=": "igual",
    "∽": "aproximadamente igual",
    ">": "mayor qué",
    "?": "cerrar interrogación",
    "@": "arroba",
    "[": "abrir corchete",
    "\\": "barra inversa",
    "]": "cerrar corchete",
    "^": "circunflejo",
    "_": "subrayado",
    "`": "grave",
    "{": "abrir llave",
    "|": "barra vertical",
    "}": "cerrar llave",
    "~": "tilde",
    "。": "punto de ancho completo",
    "《": "llave izquierda doble ángulo",
    "》": "llave derecha doble ángulo",
    "、": "signo de Número",
    "‘": "comilla simple izquierda",
    "’": "comilla simple derecha",
    "“": "abrir comillas",
    "”": "cerrar comillas",
    "·": "punto medio",
    "￥": "yen",
    "…": "elípsis",
    "—": "raya",
    "，": "párrafo",
    "　": "espacio en blanco",
    "？": "interrogación de ancho completo",
    "；": "punto y coma ancho completo",
    "：": "dos puntos ancho completo",
    "｛": "llave izquierda ancho completo",
    "｝": "llave derecha ancho completo",
    "！": "exclamación ancho completo",
    "（": "abrir paréntesis ancho completo",
    "）": "cerrar paréntesis ancho completo",
    "～": "tilde ancho completo",
    "＠": "arroba ancho completo",
    "＃": "almohadilla ancho completo",
    "％": "porciento ancho completo",
    "＆": "circunflejo ancho completo",
    "×": "multiplicado por",
    "－": "guión ancho completo",
    "＼": "barra inversa ancho completo",
    "／": "barra ancho completo",
    "［": "abrir corchete ancho completo",
    "］": "cerrar corchete ancho completo",
    "【": "soporte lenticular negro izquierdo",
    "】": "soporte lenticular negro derecho",
    "〖": "soporte lenticular blanco izquierdo",
    "〗": "soporte lenticular blanco derecho",
    "＞": "mayor qué ancho completo",
    "＜": "menor qué ancho completo",
    "≥": "mayor o igual a",
    "≤": "menor o igual a",
    "≠": "no es igual a",
    "＝": "igual ancho completo",
    "＋": "más ancho completo",
    "÷": "dividido por",
    "★": "asterisco negro",
    "☆": "asterisco blanco",
    "△": "triángulo blanco hacia arriba",
    "▲": "triángulo negro hacia arriba",
    "▽": "triángulo blanco hacia abajo",
    "▼": "triángulo negro hacia abajo",
    "◆": "diamante negro",
    "◇": "diamante blanco",
    "□": "cuadrado",
    "⊿": "triángulo",
    "㎜": "milímetro",
    "㎝": "centímetro",
    "㎞": "kilómetro",
    "㎡": "metro cuadrado",
    "㎎": "miligramo cuadrado",
    "㎏": "kilogramo",
    "℉": "grados fahrenheit",
    "‰": "parte-por-mil",
    "→": "flecha derecha",
    "←": "flecha izquierda",
    "↑": "flecha arriba",
    "↓": "flecha abajo",
    "∴": "por tanto",
    "√": "raíz cuadrada",
    "±": "más o menos",
    "...": "triple punto",
    "???": "triple interrogación",
    "!!!": "triple exclamación",
    "..": "doble punto",
    "??": "doble interrogación",
    "¿": "abrir interrogación",
    "¡": "abrir exclamación",
    "!!": "dos sextos",
    "à": "a grave",
    "á": "a con acento",
    "â": "a con acento circunflejo",
    "ã": "a con tilda",
    "ä": "a con diéresis",
    "è": "e grave",
    "é": "e con acento",
    "ê": "e con acento circunflejo",
    "ì": "i grave",
    "í": "i con acento",
    "î": "i con acento circunflejo",
    "ñ": "eñe",
    "ò": "o grave",
    "ó": "o con acento",
    "ô": "o con acento circunflejo",
    "õ": "o con tilda",
    "ö": "o con diéresis",
    "ù": "u grave",
    "ú": "u con acento",
    "û": "u con acento circunflejo",
    "ü": "u con diéresis"
  },
  "cs": {
    " ": "mezera",
    "\n": "nový řádek",
    "\r": "cariage return",
    "!": "vykřičník",
    "\"": "uvozovky",
    "#": "křížek",
    "$": "dolar",
    "%": "procento",
    "&": "end",
    "'": "apostrof",
    "(": "levá závorka",
    ")": "pravá závorka",
    "+": "plus",
    "-": "mínus",
    "*": "hvězdička",
    "/": "lomeno",
    ",": "čárka",
    ".": "tečka",
    ":": "dvojtečka",
    ";": "středník",
    "<": "menší než",
    "=": "rovná se",
    "∽": "přibližně rovno",
    ">": "větší než",
    "?": "otazník",
    "@": "zavináč",
    "[": "levá hranatá závorka",
    "\\": "obrácené lomítko",
    "]": "pravá hranatá závorka",
    "^": "stříška",
    "_": "podtržení",
    "`": "akcent",
    "{": "levá složená závorka",
    "|": "or",
    "}": "pravá složená závorka",
    "~": "tilda",
    "。": "fullwidth period",
    "《": "left double angle bracket",
    "》": "right double angle bracket",
    "、": "Number sign",
    "‘": "znak levé uvozovky",
    "’": "znak pravé uvozovky",
    "“": "horní uvozovky",
    "”": "dolní uvozovky",
    "·": "střední tečka",
    "￥": "yen sign",
    "…": "elipsa",
    "—": "pomlčka",
    "，": "fullwidth comma",
    "　": "bílá mezera",
    "？": "fullwidth question mark",
    "；": "fullwidth semicolon",
    "：": "fullwidth colon",
    "｛": "fullwidth left curly bracket",
    "｝": "fullwidth right curly bracket",
    "！": "fullwidth exclamation mark",
    "（": "fullwidth left paren",
    "）": "fullwidth right paren",
    "～": "fullwidth tilde",
    "＠": "fullwidth at",
    "＃": "fullwidth hash",
    "％": "fullwidth percent",
    "＆": "fullwidth ampersant",
    "×": "krát",
    "－": "fullwidth dash",
    "＼": "fullwidth backslash",
    "／": "fullwidth slash",
    "［": "fullwidth left square bracket",
    "］": "fullwidth right square bracket",
    "【": "left black lenticural bracket",
    "】": "right black lenticural bracket",
    "〖": "left white lenticular bracket",
    "〗": "right white lenticular bracket",
    "＞": "fullwidth greater than sign",
    "＜": "fullwidth less than sign",
    "≥": "větší nebo rovno",
    "≤": "menší nebo rovno",
    "≠": "nerovná se",
    "＝": "fullwidth equals sign",
    "＋": "fullwidth plus sign",
    "÷": "děleno",
    "★": "černá hvězdička",
    "☆": "bílá hvězdička",
    "△": "white up-pointing triangle",
    "▲": "black up-pointing triangle",
    "▽": "white down-pointing triangle",
    "▼": "black down-pointing triangle",
    "◆": "černý diamant",
    "◇": "bílý diamant",
    "□": "čtverec",
    "⊿": "trojúhelník",
    "㎜": "milimetr",
    "㎝": "centimetr",
    "㎞": "kilometr",
    "㎡": "čtvereční metr",
    "㎎": "suqrae mg",
    "㎏": "kilogram",
    "℉": "degree fahrenheita",
    "‰": "promile",
    "→": "pravá šipka",
    "←": "levá šipka",
    "↑": "šipka nahoru",
    "↓": "šipka dolů",
    "∴": "proto",
    "√": "odmocnina",
    "±": "plus mínus",
    "...": "trojitá tečka",
    "???": "trojitý otazník",
    "!!!": "trojitý vykřičník",
    "..": "dvojitá tečka",
    "??": "dvojitý otazník",
    "!!": "two sixth"
  },
  "fa": {
    " ": "فاصله",
    "\n": "خط جدید",
    "\r": "سرِ خط",
    "!": "علامتِ‌تعجب",
    "\"": "quote",
    "#": "مربع",
    "$": "دلار",
    "%": "درصد",
    "&": "and",
    "'": "apostrophe",
    "(": "پرانتز باز",
    ")": "پرانتز بسته",
    "+": "به علاوه",
    "-": "خط تیره",
    "*": "ستاره",
    "/": "اِسلش",
    ",": "ویرگول",
    ".": "نقطه",
    ":": "دونقطه",
    ";": "semicolon",
    "<": "کوچکتر",
    "=": "مساوی",
    "∽": "approximately equal",
    ">": "بزرگتر",
    "?": "علامتِ‌سوال",
    "@": "اتساین",
    "[": "کروشه باز",
    "\\": "بک اِسلش",
    "]": "کروشه بسته",
    "^": "ampersant",
    "_": "زیرخط",
    "`": "accent",
    "{": "آکولاد باز",
    "|": "خطِ عمودی",
    "}": "آکولاد بسته",
    "~": "tilde",
    "。": "fullwidth period",
    "《": "left double angle bracket",
    "》": "right double angle bracket",
    "、": "علامت عدد",
    "‘": "left single quote",
    "’": "right single quote",
    "“": "left quote",
    "”": "right quote",
    "·": "middle dot",
    "￥": "علامت ین",
    "…": "سه نقطه",
    "—": "منها",
    "，": "fullwidth comma",
    "　": "white space",
    "？": "fullwidth question mark",
    "；": "fullwidth semicolon",
    "：": "fullwidth colon",
    "｛": "fullwidth left curly bracket",
    "｝": "fullwidth right curly bracket",
    "！": "fullwidth exclamation mark",
    "（": "fullwidth left paren",
    "）": "fullwidth right paren",
    "～": "fullwidth tilde",
    "＠": "fullwidth at",
    "＃": "fullwidth hash",
    "％": "fullwidth percent",
    "＆": "fullwidth ampersant",
    "×": "ضربدر",
    "－": "fullwidth dash",
    "＼": "fullwidth backslash",
    "／": "fullwidth slash",
    "［": "fullwidth left square bracket",
    "］": "fullwidth right square bracket",
    "【": "left black lenticural bracket",
    "】": "right black lenticural bracket",
    "〖": "left white lenticular bracket",
    "〗": "right white lenticular bracket",
    "＞": "fullwidth greater than sign",
    "＜": "fullwidth less than sign",
    "≥": "بزرگتر مساوی",
    "≤": "کوچکتر مساوی",
    "≠": "نامساوی",
    "＝": "fullwidth equals sign",
    "＋": "fullwidth plus sign",
    "÷": "تقسیم بر",
    "★": "black star",
    "☆": "white star",
    "△": "white up-pointing triangle",
    "▲": "black up-pointing triangle",
    "▽": "white down-pointing triangle",
    "▼": "black down-pointing triangle",
    "◆": "black diamond",
    "◇": "white diamond",
    "□": "مربع",
    "⊿": "مثلث",
    "㎜": "millimeter",
    "㎝": "centimeter",
    "㎞": "kilometer",
    "㎡": "square meter",
    "㎎": "suqrae mg",
    "㎏": "kilogram",
    "℉": "درجه فارِنهایْت",
    "‰": "part-per-thousant",
    "→": "فِلِش راست",
    "←": "فِلِش چپ",
    "↑": "فِلِش بالا",
    "↓": "فِلِش پایین",
    "∴": "therefore",
    "√": "square root",
    "±": "مثبت منفی",
    "...": "سه نقطه",
    "???": "سه علامت سؤال",
    "!!!": "سه علامت تعجب",
    "..": "نقطه نقطه",
    "??": "علامتِ سوال علامتِ سوال",
    "!!": "علامتِ‌تعجب علامتِ‌تعجب",
    "؛": "نُقطِویرْگول",
    "،": "ویرگول"
  },
  "de": {
    " ": "Leer",
    "\n": "neue Zeile",
    "\r": "Zeilenwechsel",
    "!": "Ausrufungszeichen",
    "\"": "Anführungsstriche",
    "#": "Nummernzeichen",
    "$": "dollar",
    "%": "prozent",
    "&": "und",
    "'": "apostroph",
    "(": "runde Klammer auf",
    ")": "runde Klammer zu",
    "+": "plus",
    "-": "minus",
    "*": "stern",
    "/": "schrägstrich",
    ",": "Komma",
    ".": "punkt",
    ":": "doppelpunkt",
    ";": "semicolon",
    "<": "kleinerzeichen",
    "=": "gleichheitszeichen",
    "∽": "umgekehrte tilde",
    ">": "größerzeichen",
    "?": "fragezeichen",
    "@": "ät",
    "[": "eckige Klammer auf",
    "\\": "bäcksläsh",
    "]": "eckige Klammer zu",
    "^": "dach",
    "_": "unterstrich",
    "`": "graf",
    "{": "geschweifte Klammer auf",
    "|": "senkrechter strich",
    "}": "geschweifte Klammer zu",
    "~": "tilde",
    "。": "",
    "《": "left double angle bracket",
    "》": "right double angle bracket",
    "、": "Number sign",
    "‘": "apostrof",
    "’": "apostrof",
    "“": "typografisches anführungszeichen oben",
    "”": "anführungszeichen oben",
    "·": "mal",
    "￥": "yen",
    "…": "ellipse",
    "—": "minus",
    "，": "",
    "　": "",
    "？": "fullwidth question mark",
    "；": "fullwidth semicolon",
    "：": "fullwidth colon",
    "｛": "fullwidth left curly bracket",
    "｝": "fullwidth right curly bracket",
    "！": "fullwidth exclamation mark",
    "（": "fullwidth left paren",
    "）": "fullwidth right paren",
    "～": "fullwidth tilde",
    "＠": "fullwidth at",
    "＃": "fullwidth hash",
    "％": "fullwidth percent",
    "＆": "fullwidth ampersant",
    "×": "mal",
    "－": "fullwidth dash",
    "＼": "inverser schrägstrich",
    "／": "schrägstrich",
    "［": "fullwidth left square bracket",
    "］": "fullwidth right square bracket",
    "【": "left black lenticural bracket",
    "】": "right black lenticural bracket",
    "〖": "left white lenticular bracket",
    "〗": "right white lenticular bracket",
    "＞": "fullwidth greater than sign",
    "＜": "fullwidth less than sign",
    "≥": "größer schrägstrich gleich",
    "≤": "kleiner schrägstrich gleich",
    "≠": "ungleichheitszeichen",
    "＝": "gleich",
    "＋": "plus",
    "÷": "divisionszeichen",
    "★": "schwarzer fünfzackiger stern",
    "☆": "weißer fünfzackiger Stern",
    "△": "weißes nach oben zeigendes Dreieck",
    "▲": "gefülltes Dreieck nach oben",
    "▽": "weißes nach unten zeigendes dreieck",
    "▼": "schwarzes nach unten zeigendes dreieck",
    "◆": "gefülltes eckquadrat",
    "◇": "eckquadrat",
    "□": "weißes quadrat",
    "⊿": "rechtes Dreieck",
    "㎜": "millimeter",
    "㎝": "Zentimeter",
    "㎞": "kilometer",
    "㎡": "quadratmeter",
    "㎎": "suqrae mg",
    "㎏": "kilogram",
    "℉": "grad fahrenheit",
    "‰": "Promille/tausenderzeichen",
    "→": "pfeil nach rechts",
    "←": "pfeil nach links",
    "↑": "pfeil nach oben",
    "↓": "pfeil nach unten",
    "∴": "folglich",
    "√": "Quadratwurzelzeichen",
    "±": "plus minus",
    "...": "punkt punkt punkt",
    "???": "fragezeichen fragezeichen fragezeichen",
    "!!!": "ausrufungszeichen ausrufungszeichen ausrufungszeichen mark",
    "..": "punkt punkt",
    "??": "fragezeichen fragezeichen",
    "!!": "ausrufungszeichen ausrufungszeichen"
  },
  "ar": {
    " ": "مسافة",
    "\n": "سََطْْرٌ جديد",
    "\r": "سََطْْرٌ جديد",
    "!": "علامة تعجب",
    "\"": "قوس اقتباس",
    "#": "علامة المُرَبَّع",
    "$": "Dollar",
    "%": "علامة بالمئة",
    "&": "and",
    "'": "فاصلة عُلْيا",
    "(": "فتح قوس",
    ")": "إغلاق قوس",
    "+": "زائد",
    "-": "شَرْطة",
    "*": "نجمة",
    "/": "شَرْطة مائلة",
    ",": "فاصلة",
    ".": "نقطة",
    ":": "نقطتان",
    ";": "فاصلة منقوطة",
    "<": "أصغر مِن",
    "=": "يساوي",
    ">": "أكبر مِن",
    "?": "علامة استفهام",
    "@": "علامة at",
    "[": "فتح قوس مربع",
    "\\": "شَرْطة مائلة للخلف",
    "]": "إغلاق قوس مربع",
    "^": "علامة الإقحام",
    "_": "شَرطة سفلية",
    "`": "العلامة النُطْقية",
    "{": "فتح قوس مزخرف",
    "|": "شريط عمودي",
    "}": "إغلاق قوس مزخرف",
    "~": "tilde",
    "《": "فتح قوس مزدوج",
    "》": "إغلاق قوس مزدوج",
    "‘": "فتح تنصيص",
    "’": "إغلاق تنصيص",
    "“": "فتح هلال",
    "”": "إغلاق هلال",
    "￥": "Yen",
    "…": "علامة الحذف",
    "—": "شَرطة طويلة",
    "，": "فاصلة",
    "　": "مسافة بيضاء",
    "？": "علامة استفهام",
    "；": "فاصلة منقوطة",
    "：": "نقطتان",
    "｛": "فتح قوس مزخرف",
    "｝": "إغلاق قوس مزخرف",
    "！": "علامة تعجب",
    "（": "فتح قوس",
    "）": "إغلاق قوس",
    "＠": "علامة at",
    "＃": "علامة المُرَبَّع",
    "％": "علامة بالمئة",
    "＆": "and",
    "×": "علامة ضرب",
    "－": "ناقص",
    "＼": "شَرْطة مائلة للخلف",
    "／": "علامة قسمة",
    "［": "فتح قوس مربع",
    "］": "إغلاق قوس مربع",
    "·": "نقطة",
    "∆": "زيادة",
    "＞": "أكبر مِن",
    "＜": "أصغر مِن",
    "≥": "أكبر مِن أو يساوي",
    "≤": "أصغر مِن أو يساوي",
    "≠": "لا يساوي",
    "＝": "يساوي",
    "＋": "زائد",
    "÷": "علامة قسمة",
    "★": "نجمة سوداء",
    "☆": "نجمة بيضاء",
    "㎜": "مليمتر",
    "㎝": "سَنْتيمتر",
    "㎞": "كيلومتر",
    "㎡": "متر مربع",
    "㎏": "كيلوغرام",
    "℉": "درجة فهرنهايت",
    "‰": "جزء من ألف",
    "→": "سهم يمين",
    "←": "سهم يسار",
    "↑": "سهم أعلى",
    "↓": "سهم أسفل",
    "、": "علامة الرقم",
    "√": "جذر تربيعي",
    "∛": "جذر تكعيبي",
    "...": "ثلاث نقاط",
    "???": "ثلاث علامات استفهام",
    "!!!": "ثلاث علامات تعجب",
    "..": "double period",
    "??": "علامتا استفهام",
    "!!": "علامتا تعجب",
    "،": "فاصلة",
    "؟": "علامة استفهام",
    "£": "جنيه استرليني",
    "€": "Euro",
    "¢": "Cent",
    "¿": "علامة استفهام",
    "¡": "علامة تعجب",
    "§": "علامة المَقْطَع",
    "®": "نوعية مسجلة",
    "™": "علامة تجارية",
    "©": "حقوق الطبع والنشر",
    "¤": "الرمز العام للعُمُلات"
  },
  "fr": {
    ".": "point",
    "!": "point d'exclamation",
    "?": "point d'interrogation",
    "...": "points de suspension",
    "…": "points de suspension",
    ";": "point virgule",
    ":": "deux points",
    "\t": "tab",
    "\n": "nouvelle ligne",
    "\f": "saut de page",
    "\r": "retour chariot",
    " ": "espace",
    " ": "espace insécable",
    "\"": "guillemet",
    "$": "dollar",
    "£": "livre",
    "€": "euro",
    "¢": "Centimes",
    "¥": "Yen",
    "₹": "roupi",
    "%": "pour cent",
    "&": "et commercial",
    "'": "apostrophe",
    "(": "parenthèse gauche",
    ")": "parenthèse droite",
    "*": "astérisque",
    "+": "pluce",
    ",": "virgule",
    "-": "tiret",
    "·": "point médian",
    "/": "barre oblique",
    "<": "inférieur",
    ">": "supérieur",
    "=": "égal",
    "@": "arobase",
    "[": "crochet gauche",
    "]": "crochet droit",
    "\\": "barre oblique inversée",
    "^": "accent circonflexe",
    "_": "souligné",
    "`": "accent grave",
    "{": "accolade gauche",
    "}": "accolade droite",
    "|": "barre verticale",
    "~": "tilde",
    "¿": "point d'interrogation renversé",
    "¡": "point d'exclamation renversé",
    "•": "puce",
    "“": "guillemet ouvert",
    "”": "guillemet fermé",
    "‘": "apostrophe gauche",
    "’": "apostrophe droite",
    "–": "tiret demicadratin",
    "—": "tiret cadratin",
    "●": "cercle",
    "¨": "tréma",
    "‎": "gauche à droite",
    "‏": "droite à gauche",
    "■": "carré noir",
    "▪": "carré noir",
    "◾": "carré noir",
    "◦": "puce blanche",
    "➔": "flèche droite",
    "§": "section",
    "°": "degré",
    "«": "guillemet ouvert",
    "»": "guillemet fermé",
    "µ": "micro",
    "¹": "puissance 1",
    "²": "puissance 2",
    "³": "puissance 3",
    "®": "marque déposée",
    "™": "marque de fabrique",
    "©": "Copyright",
    "±": "Plus ou Moins",
    "×": "fois",
    "÷": "divisé par",
    "←": "flèche gauche",
    "→": "flèche droite",
    "✓": "coché",
    "✔": "coché",
    "¶": "paragraphe",
    "‰": "pour-mille",
    "„": "guillemet vers le bas",
    "↔": "flèche gauche droite",
    "∞": "infini",
    "ß": "flèche gauche",
    "↑": "flèche haut",
    "↓": "flèche bas",
    "ô": "o circonflexe",
    "Ô": "o circonflexe",
    "y": "igrèque",
    "Y": "igrèque",
    "À": "a accent grave",
    "à": "a accent grave",
    "⌘": "Touche Commande Mac",
    "⅐": "un septième",
    "⅑": "un neuvième",
    "⅒": "un dixième",
    "⅓": "un tiers",
    "⅔": "deux tiers",
    "⅕": "un cinquième",
    "⅖": "deux cinquièmes",
    "⅗": "trois cinquièmes",
    "⅘": "quatre cinquièmes",
    "⅙": "un sixième",
    "⅚": "cinq sixièmes",
    "⅛": "un huitième",
    "⅜": "trois huitièmes",
    "⅝": "cinq huitièmes",
    "⅞": "sept huitièmes",
    "∀": "pour tout",
    "∁": "complément",
    "∂": "différencielle partielle",
    "∃": "il existe",
    "∄": "il n'existe pas de",
    "∅": "ensemble vide",
    "∆": "incrément",
    "∇": "NABLA",
    "∈": "élément de",
    "∉": "pas un élément de",
    "∊": "petit élément de",
    "∋": "contient comme membre",
    "∌": "ne contient pas comme membre",
    "∍": "petit contient comme membre",
    "∎": "fin de preuve",
    "∏": "produit n-aire",
    "∑": "somme n-aire",
    "√": "racine carrée",
    "∛": "racine cubique",
    "∜": "racine quatrième",
    "∝": "proportionnel à",
    "∟": "angle droit",
    "∠": "angle",
    "∥": "parallèle à",
    "∦": "non parallèle à",
    "∧": "et logique",
    "∨": "ou logique",
    "∩": "intersection",
    "∪": "union",
    "∫": "intégrale",
    "∴": "ainsi",
    "∵": "parce que",
    "∶": "RATIO",
    "≤": "inférieur ou égal à",
    "∷": "PROPORTION",
    "≥": "supérieur ou égal à",
    "⊂": "sous-ensemble de",
    "⊃": "sur ensemble de",
    "⊆": "est inclus dans ou est égal à",
    "⊇": "contient ou est égal à",
    "⃗": "vecteurchar",
    "ƒ": "florin",
    "‣": "Puce triangulaire",
    "†": "obel",
    "‡": "double obel",
    "≠": "différent de",
    "­": "Trait d'union conditionnel",
    "‚": "Guillemet simple  en bas",
    "‹": "Simple Guillemet ouvrant",
    "›": "Simple Guillemet fermant",
    "℅": "Attention à",
    "―": "Barre horizontale",
    "‾": "Ligne au dessus",
    "‼": "Double exclamation",
    "♦": "Carreau noir",
    "Δ": "delta",
    "δ": "delta",
    "τ": "tau",
    "Τ": "tau",
    "λ": "lambda",
    "−": "moins",
    "Λ": "lambda",
    "θ": "thêta",
    "ϑ": "thêta",
    "Θ": "thêta",
    "Ι": "iota",
    "ι": "iota",
    "κ": "kappa",
    "ϰ": "kappa",
    "Κ": "kappa",
    "π": "pi",
    "ϖ": "pi",
    "Π": "pi",
    "‖": "norme vecteur",
    "α": "alpha",
    "Α": "alpha",
    "⊕": "plus encerclé",
    "⨁": "grand plus encerclé",
    "≈": "environ égal à",
    "≡": "identique à",
    "∘": "rond",
    "⋂": "grande intersection",
    "⋃": "grande union",
    "⋁": "grand ou logique",
    "⋀": "grand et logique",
    "ϕ": "phi",
    "φ": "phi",
    "Φ": "phi",
    "σ": "sigma",
    "ς": "sigma",
    "ϲ": "sigma lunaire",
    "Σ": "igrec tréma",
    "ÿ": "bêta",
    "β": "bêta",
    "ϐ": "bêta",
    "ν": "nu",
    "μ": "mu",
    "Μ": "mu",
    "Ν": "nu",
    "Ο": "omicron",
    "ο": "omicron",
    "ω": "oméga",
    "Ω": "oméga",
    "¤": "symbole monétaire",
    "¸": "cédille",
    "": "guillemet vers le bas",
    "↦": "a pour image",
    "′": "prime",
    "η": "êta",
    "Η": "êta",
    "ε": "epsilon",
    "ϵ": "epsilon lunaire",
    "Ε": "epsilon",
    "γ": "gamma",
    "Γ": "gamma",
    "ζ": "zêta",
    "Ζ": "zêta",
    "Ξ": "ksi",
    "ξ": "ksi",
    "Ψ": "psi",
    "ψ": "psi",
    "ρ": "rhô",
    "Ρ": "rhô",
    "ϱ": "rhô",
    "χ": "khi",
    "Χ": "khi",
    "υ": "upsilon",
    "Υ": "upsilon crochet",
    "ϒ": "upsilon",
    "Ϛ": "stigma",
    "ϛ": "stigma",
    "Ϙ": "koppa",
    "ϙ": "koppa",
    "Ϟ": "koppa",
    "ϟ": "koppa",
    "Ͳ": "sampi",
    "ͳ": "sampi",
    "Ϡ": "sampi",
    "ϡ": "sampi",
    "Ϝ": "Digamma",
    "ϝ": "Digamma",
    "Ͷ": "Digamma",
    "ͷ": "Digamma",
    "Ͱ": "hêta",
    "ͱ": "hêta",
    "Ϻ": "san",
    "ϻ": "san",
    "Ϸ": "sho",
    "ϸ": "sho",
    "῀": "tilde",
    "ὶ": "accent grave",
    "ὖ": "accent circonflexe",
    "⟶": "flèche droite",
    "⟵": "flèche gauche",
    "⇒": "implication droite",
    "⇐": "implication gauche",
    "⇔": "équivalence",
    "⊥": "perpendiculaire à",
    "↗": "croissant",
    "↘": "décroissant",
    "∬": "intégrale double",
    "∭": "intégrale triple",
    "≪": "très inférieur à",
    "≫": "très supérieur à"
  },
  "ko": {
    " ": "스패이스",
    "\n": "새로운 줄",
    "\r": "문자 되돌리기",
    "!": "느낌표",
    "\\": "빽슬래시",
    "#": "샵",
    "$": "달러",
    "%": "퍼센트",
    "&": "앤드",
    "'": "어포스트로피",
    "(": "괄호 열기",
    ")": "괄호 닫기",
    "+": "더하기",
    "-": "빼기",
    "*": "스타",
    "/": "슬래시",
    ",": "콤마",
    ".": "쩜",
    ":": "콜론",
    ";": "세미콜론",
    "<": "레스댄",
    "=": "이퀄",
    "∽": "좌우 대칭된 물결",
    ">": "그레이터댄",
    "?": "물음표",
    "@": "골뱅이",
    "[": "대괄호 열기",
    "]": "대괄호 닫기",
    "^": "캐럿",
    "_": "언더바",
    "`": "그레이브",
    "{": "중괄호 열기",
    "|": "버티컬 바",
    "}": "중괄호 닫기",
    "~": "물결",
    "。": "고리점",
    "《": "겹새모 괄호 열기",
    "》": "겹새모 괄호 닫기",
    "、": "모점",
    "‘": "작은 따옴표 열기",
    "’": "작은 따옴표 닫기",
    "“": "큰따옴표 열기",
    "”": "큰따옴표 닫기",
    "·": "가운대쩜",
    "￥": "엔",
    "…": "줄임표",
    "—": "줄표",
    "，": "전각 쉼표",
    "　": "스패이스",
    "？": "전각 물음표",
    "；": "전각 세미콜론",
    "：": "전각 콜론",
    "｛": "전각 중괄호 열기",
    "｝": "전각 중괄호 닫기",
    "！": "전각 느낌표",
    "（": "전각 소괄호 열기",
    "）": "전각 소괄호 닫기",
    "～": "전각 물결",
    "＠": "전각 골뱅이",
    "＃": "전각 샵",
    "％": "전각 퍼센트",
    "＆": "전각 앤드",
    "×": "곱하기",
    "－": "빼기",
    "＼": "빽슬래시",
    "／": "전각 슬래시",
    "［": "전각 대괄호 열기",
    "］": "전각 대괄호 닫기",
    "【": "검정 대괄호 열기",
    "】": "검정대괄호 닫기",
    "〖": "흰대괄호 열기",
    "〗": "흰대괄호 닫기",
    "＞": "그레이터덴",
    "＜": "레스댄",
    "≥": "보다크다 또는 이퀄",
    "≤": "보다작다 또는 이퀄",
    "≠": "부등식",
    "＝": "전각 이퀄",
    "＋": "더하기",
    "÷": "나누기",
    "★": "검정 별표",
    "☆": "흰별표",
    "△": "흰 삼각형",
    "▲": "검정 삼각형",
    "▽": "흰 역삼각형",
    "▼": "검정 역삼각형",
    "◆": "검정 마름모",
    "◇": "흰 마름모",
    "□": "흰 사각형",
    "⊿": "직각 삼각형",
    "㎜": "밀리미터",
    "㎝": "센티미터",
    "㎞": "킬로미터",
    "㎡": "제곱미터",
    "㎎": "밀리그램",
    "㎏": "킬로그램",
    "℉": "화시",
    "‰": "1000분의 1",
    "→": "오른쪽 화살표",
    "←": "왼쪽 화살표",
    "↑": "위쪽 화살표",
    "↓": "아래쪽 화살표",
    "∴": "그럼으로",
    "√": "두 제곱근 기호",
    "±": "더하기 빼기",
    "...": "줄임표",
    "???": "줄임표",
    "!!!": "줄임표k",
    "..": "줄임표",
    "??": "줄임표",
    "!!": "줄임표",
    "0": "공",
    "1": "하나",
    "2": "둘",
    "3": "셋",
    "4": "넷",
    "5": "다섯",
    "6": "여섯",
    "7": "일곱",
    "8": "여덜",
    "9": "아홉",
    "10": "열",
    "20": "수물",
    "30": "서른",
    "40": "마흔",
    "50": "쉰",
    "60": "예순",
    "70": "이른",
    "80": "여든",
    "90": "아흔",
    "①": "동그라미 1",
    "②": "동그라미 2",
    "③": "동그라미 3",
    "④": "동그라미 4",
    "⑤": "동그라미 5",
    "⑥": "동그라미 6",
    "⑦": "동그라미 7",
    "⑧": "동그라미 8",
    "⑨": "동그라미 9",
    "⑩": "동그라미 10",
    "⑪": "동그라미 11",
    "⑫": "동그라미 12",
    "⑬": "동그라미 13",
    "⑭": "동그라미 14",
    "⑮": "동그라미 15",
    "⑯": "동그라미 16",
    "⑰": "동그라미 17",
    "⑱": "동그라미 18",
    "⑲": "동그라미 19",
    "⑳": "동그라미 20",
    "ㄱ": "가을",
    "ㄲ": "까치",
    "ㄴ": "나무",
    "ㄷ": "다리",
    "ㄸ": "딸기",
    "ㄹ": "리본",
    "ㅁ": "마루",
    "ㅂ": "바다",
    "ㅃ": "빨레",
    "ㅅ": "소리",
    "ㅆ": "씨앗",
    "ㅇ": "동굴",
    "ㅈ": "장미",
    "ㅉ": "짱구",
    "ㅊ": "최고",
    "ㅋ": "커피",
    "ㅌ": "토끼",
    "ㅍ": "파도",
    "ㅎ": "하늘",
    "ㅏ": "아침",
    "ㅐ": "앵두",
    "야": "야구",
    "ㅒ": "얘기",
    "ㅓ": "어부",
    "ㅔ": "에니",
    "ㅕ": "여름",
    "ㅖ": "옛날",
    "오": "오리",
    "우": "우산",
    "ㅡ": "응달",
    "ㅣ": "이슬"
  },
  "sk": {
    " ": "medzera",
    "\n": "nový riadok",
    "\r": "cariage return",
    "\t": "tabulátor",
    "!": "výkričník",
    "\"": "uvodzovky",
    "#": "krížik",
    "$": "dolár",
    "%": "percento",
    "&": "end",
    "'": "apostrof",
    "(": "zátvorka",
    ")": "zatvoriť",
    "+": "plus",
    "-": "spojovník",
    "*": "hviezda",
    "/": "lomka",
    ",": "čiarka",
    ".": "bodka",
    ":": "dvojbodka",
    ";": "bodkočiarka",
    "<": "menší",
    "=": "rovná sa",
    "∽": "opačná vlnovka",
    ">": "väčší",
    "?": "otáznik",
    "@": "zavináč",
    "[": "hranatá zátvorka",
    "\\": "opačná lomka",
    "]": "hranatá zatvoriť",
    "^": "vokáň",
    "_": "podčiarkovník",
    "`": "prízvuk",
    "{": "zložená zátvorka",
    "|": "zvislá čiara",
    "}": "zložená zatvoriť",
    "~": "vlnovka",
    "¡": "obrátený výkričník",
    "¢": "cent",
    "£": "libra",
    "¤": "mena",
    "¥": "yen",
    "¦": "prerušená zvislá čiara",
    "§": "paragraf",
    "¨": "prehláska",
    "©": "kopirajt",
    "ª": "horný index a",
    "«": "dvojitá lomená zátvorka",
    "¬": "logický zápor",
    "­": "rozdeľovník",
    "®": "registrované",
    "¯": "pruh nad",
    "°": "stupňov",
    "²": "horný index dva",
    "³": "horný index tri",
    "´": "dĺžeň",
    "µ": "mí",
    "¶": "označenie odseku",
    "¹": "horný index jeden",
    "º": "horný index o",
    "»": "dvojitá lomená zatvoriť",
    "¼": "štvrtina",
    "½": "polovica",
    "¾": "tri štvrtiny",
    "¿": "obrátený otáznik",
    "。": "fullwidth period",
    "《": "left double angle bracket",
    "》": "right double angle bracket",
    "、": "Number sign",
    "‘": "horné jednoduché úvodzovky",
    "’": "odsuvník",
    "‚": "dolné jednoduché úvodzovky",
    "“": "horné úvodzovky",
    "”": "dvojitá horná opačná úvodzovka",
    "„": "dolné úvodzovky",
    "†": "kríž",
    "‡": "dvojkríž",
    "•": "odrážka",
    "‣": "trojuholníková odrážka",
    "⁃": "odrážka v tvare pomlčky",
    "€": "euro",
    "™": "ochranná známka",
    "✓": "zaškrtnutie",
    "✔": "tučné zaškrtnutie",
    "✗": "odrážka v tvare iks",
    "⁰": "horný index nula",
    "⁴": "horný index štyri",
    "⁵": "horný index päť",
    "⁶": "horný index šesť",
    "⁷": "horný index sedem",
    "⁸": "horný index osem",
    "⁹": "horný index deväť",
    "⁺": "horný index plus",
    "⁻": "horný index mínus",
    "⁼": "horný index rovná sa",
    "⁽": "horný index zátvorka",
    "⁾": "horný index zátvorka zatvoriť",
    "ⁿ": "horný index en",
    "₀": "dolný index nula",
    "₁": "dolný index jeden",
    "₂": "dolný index dva",
    "₃": "dolný index tri",
    "₄": "dolný index štyri",
    "₅": "dolný index päť",
    "₆": "dolný index šesť",
    "₇": "dolný index sedem",
    "₈": "dolný index osem",
    "₉": "dolný index deväť",
    "₊": "dolný index plus",
    "₋": "dolný index mínus",
    "₌": "dolný index rovná sa",
    "₍": "dolný index zátvorka",
    "₎": "dolný index zátvorka zatvoriť",
    "·": "bodka v prostriedku",
    "￥": "yen",
    "ƒ": "florén",
    "…": "výpustka",
    "—": "em dash",
    "–": "pomlčka",
    "，": "fullwidth comma",
    "　": "biela medzera",
    "？": "fullwidth question mark",
    "；": "fullwidth semicolon",
    "：": "fullwidth colon",
    "｛": "fullwidth left curly bracket",
    "｝": "fullwidth right curly bracket",
    "！": "fullwidth exclamation mark",
    "（": "fullwidth left paren",
    "）": "fullwidth right paren",
    "～": "fullwidth tilde",
    "＠": "fullwidth at",
    "＃": "fullwidth hash",
    "％": "fullwidth percent",
    "＆": "fullwidth ampersant",
    "×": "krát",
    "－": "fullwidth dash",
    "＼": "fullwidth backslash",
    "／": "fullwidth slash",
    "［": "fullwidth left square bracket",
    "］": "fullwidth right square bracket",
    "【": "left black lenticural bracket",
    "】": "right black lenticural bracket",
    "〖": "left white lenticular bracket",
    "〗": "right white lenticular bracket",
    "＞": "fullwidth greater than sign",
    "＜": "fullwidth less than sign",
    "≥": "väčší alebo sa rovná",
    "≤": "menší alebo sa rovná",
    "≠": "nerovná sa",
    "＝": "fullwidth equals sign",
    "＋": "fullwidth plus sign",
    "÷": "deleno",
    "★": "čierna hviezda",
    "☆": "biela hviezda",
    "△": "white up-pointing triangle",
    "▲": "black up-pointing triangle",
    "▽": "white down-pointing triangle",
    "▼": "black down-pointing triangle",
    "◆": "čierny diamant",
    "◇": "biely diamant",
    "■": "čierny štvorec",
    "□": "biely štvorec",
    "⊿": "pravouhlý trojuholník",
    "㎜": "milimeter",
    "㎝": "centimeter",
    "㎞": "kilometer",
    "㎡": "meter štvorcový",
    "㎎": "suqrae mg",
    "㎏": "kilogram",
    "℉": "stupňov fahrenheita",
    "‰": "promile",
    "→": "šípka doprava",
    "←": "šípka doľava",
    "↑": "šípka hore",
    "↓": "šípka dolu",
    "∴": "preto",
    "√": "odmocnina",
    "±": "plus mínus",
    "...": "tri bodky",
    "???": "tri otázniky",
    "!!!": "tri výkričniky",
    "..": "dve bodky",
    "??": "dva otázniky",
    "!!": "dva výkričniky"
  },
  "it": {
    " ": "spazio",
    "\n": "nuova linea",
    "\r": "ritorno a capo",
    "!": "punto esclamativo",
    "\"": "virgolette",
    "#": "cancelletto",
    "$": "simbolo del dollaro",
    "%": "percento",
    "&": "e commerciale",
    "'": "apostrofo",
    "(": "Aperta parentesi",
    ")": "chiusa parentesi",
    "+": "pi ",
    "-": "trattino",
    "*": "asterisco",
    "/": "barra",
    ",": "virgola",
    ".": "punto",
    ":": "due punti",
    ";": "punto e virgola",
    "<": "minore di",
    "=": "uguale",
    "∽": "circa uguale",
    ">": "maggiore di",
    "?": "punto interrogativo",
    "@": "chiocciola",
    "[": "aperta parentesi quadra",
    "\\": "controbarra",
    "]": "chiusa parentesi quadra",
    "^": "accento circonflesso",
    "_": "trattino basso",
    "`": "accento",
    "{": "aperta parentesi graffa",
    "|": "pipe",
    "}": "chiusa parentesi graffa",
    "~": "tilde",
    "。": "punto igrande",
    "《": "aperta doppia parentesi angolare",
    "》": "chiusa doppia parentesi angolare",
    "、": "numero",
    "‘": "aperte singole virgolette",
    "’": "chiuse singole virgolette",
    "“": "aperte virgolette",
    "”": "chiuse virgolette",
    "·": "punto medio",
    "￥": "yen",
    "…": "puntini di sospensione",
    "—": "meno",
    "，": "virgola grande",
    "　": "spazio bianco",
    "？": "punto interrogativo grande",
    "；": "punto e virgola grande",
    "：": "virgola grande",
    "｛": "aperta graffa grande",
    "｝": "chiusa graffa grande",
    "！": "punto esclamativo grande",
    "（": "aperta parentesi grande",
    "）": "chiusa parentesi grande",
    "～": "tilde grande",
    "＠": "chiocciola grande",
    "＃": "cancelletto grande",
    "％": "percento grande",
    "＆": "accento circonflesso grande",
    "×": "segno di moltiplicazione",
    "－": "trattino grande",
    "＼": "controbarra grandeslash",
    "／": "barra grande",
    "［": "aperta quadra grande",
    "］": "chiusa quadra grande",
    "【": "aperta parentesi lenticolare nera",
    "】": "chiusa parentesi lenticolare nera",
    "〖": "aperta parentesi lenticolare bianca",
    "〗": "chiusa parentesi lenticolare bianca",
    "＞": "segno di maggiore grande",
    "＜": "segno di minore grande",
    "≥": "maggiore o uguale",
    "≤": "minore o uguale",
    "≠": "non uguale",
    "＝": "segno di uguale grande",
    "＋": "segno di addizione grande",
    "÷": "segno di divisione",
    "★": "stella nera",
    "☆": "stella bianca",
    "△": "triangolo bianco con punta verso l'alto",
    "▲": "triangolo nero con punta verso l'alto",
    "▽": "triangolo bianco con punta verso il basso",
    "▼": "triangolo nero con punta verso il basso",
    "◆": "seme di quadri nero",
    "◇": "seme di quadri bianco",
    "□": "quadrato",
    "⊿": "triangolo",
    "㎜": "millimetro",
    "㎝": "centimetro",
    "㎞": "kilometro",
    "㎡": "metro quadro",
    "㎎": "suqrae mg",
    "㎏": "kilogrammo",
    "℉": "grado fahrenheit",
    "‰": "part-per-thousant",
    "→": "freccia destra",
    "←": "freccia sinistra",
    "↑": "freccia in alto",
    "↓": "freccia in basso",
    "∴": "therefore",
    "√": "radice quadrata",
    "±": "pi  menos",
    "...": "puntini di sospensione",
    "???": "triplo punto interrogativo",
    "!!!": "triplo punto esclamativo",
    "..": "doppio punto",
    "??": "doppio punto interrogativo",
    "!!": "due sesti"
  },
  "uk": {
    " ": "пробіл",
    "\n": "новий рядок",
    "\r": "повернення каретки",
    "!": "знак оклику",
    "\"": "лапки",
    "#": "решітка",
    "$": "долар",
    "%": "відсоток",
    "&": "амперсант",
    "'": "апостроф",
    "(": "ліва дужка",
    ")": "права дужка",
    "+": "плюс",
    "-": "мінус",
    "*": "зірочка",
    "/": "слеш",
    ",": "кома",
    ".": "крапка",
    ":": "двокрапка",
    ";": "крапка з комою",
    "<": "менше",
    "=": "дорівнює",
    "∽": "приблизно дорівнює",
    ">": "більше",
    "?": "знак питання",
    "@": "равлик",
    "[": "ліва квадратна дужка",
    "\\": "бекслеш",
    "]": "права квадратна дужка",
    "^": "дашок",
    "_": "підкреслення",
    "`": "зворотний апостроф",
    "{": "ліва фігурна дужка",
    "|": "вертикальна риска",
    "}": "права фігурна дужка",
    "~": "тильда",
    "。": "ідеографічна крапка",
    "《": "відкривна подвійна кутова дужка",
    "》": "закривна подвійна кутова дужка",
    "、": "ідеографічна кома",
    "‘": "лівий апостроф",
    "’": "правий апостроф",
    "“": "ліва лапка",
    "”": "права лапка",
    "·": "інтерпункт",
    "￥": "знак єни",
    "…": "три крапки",
    "—": "довге тире",
    "，": "широка кома",
    "　": "білий пробіл",
    "？": "широкий знак питання",
    "；": "широка крапка з комою",
    "：": "широка двокрапка",
    "｛": "широка ліва фігурна дужка",
    "｝": "широка права фігурна дужка",
    "！": "широкий знак оклику",
    "（": "широка ліва дужка",
    "）": "широка права дужка",
    "～": "широка тильда",
    "＠": "широкий равлик",
    "＃": "широка решітка",
    "％": "широкий знак відсотка",
    "＆": "широкий амперсант",
    "×": "помножити",
    "－": "широке тире",
    "＼": "широкий бекслеш",
    "／": "широкий слеш",
    "［": "широка ліва квадратна дужка",
    "］": "широка права квадратна дужка",
    "【": "відкривна лінзоподібна дужка",
    "】": "закривна лінзоподібна дужка",
    "〖": "відкривна порожня лінзоподібна дужка",
    "〗": "закривна порожня лінзоподібна дужка",
    "＞": "широкий знак більше",
    "＜": "широкий знак менше",
    "≥": "більше або дорівнює",
    "≤": "менше або дорівнює",
    "≠": "не дорівнює",
    "＝": "широкий знак дорівнює",
    "＋": "широкий плюс",
    "÷": "поділити",
    "★": "чорна зірка",
    "☆": "біла зірка",
    "△": "порожнистий спрямований вгору трикутник",
    "▲": "заповнений трикутник обернений угору",
    "▽": "порожнистий спрямований вниз трикутник",
    "▼": "заповнений трикутник обернений униз",
    "◆": "чорний ромб",
    "◇": "порожнистий ромб",
    "□": "білий квадрат",
    "⊿": "правий прямокутний трикутник",
    "㎜": "Квадратний міліметр",
    "㎝": "квадратний сантиметр",
    "㎞": "квадратний кілометр",
    "㎡": "квадратний метр",
    "㎎": "квадратний міліграм",
    "㎏": "квадратний кілограм",
    "℉": "градус за Фаренгейтом",
    "‰": "проміле",
    "→": "стрілка вправо",
    "←": "стрілка вліво",
    "↑": "стрілка вгору",
    "↓": "стрілка вниз",
    "∴": "відповідно",
    "√": "квадратний корінь",
    "±": "плюс мінус",
    "...": "три крапки",
    "???": "потрійний знак питання",
    "!!!": "потрійний знак оклику",
    "..": "подвійна крапка",
    "??": "подвійний знак питання",
    "!!": "подвійний знак оклику"
  }
}