<?xml version="1.0" encoding="utf-8"?>
<resources>
    <string-array name="execute_command">
        <item>@string/command_nothing</item>
        <item>@string/directory_plugins</item>
        <item>@string/directory_cmd</item>
        <item>@string/directory_tools</item>
        <item>@string/app</item>

        <!--重要功能ok-->
        <item>@string/profiles_title</item>
        <item>@string/plugin_title</item>
        <item>@string/tool_title</item>
        <item>@string/main_menu</item>
        <item>@string/advanced_menu_title</item>
        <item>@string/quick_menu_title</item>
        <item>@string/action_menu_title</item>
        <item>@string/main_setting</item>
        <item>@string/command_start_log</item>
        <item>@string/command_gesture_help</item>

        <!--功能开关ok-->
        <item>@string/command_disable_touch</item>
        <item>@string/command_disable_feedback</item>
        <item>@string/command_disable_hotkey</item>
        <item>@string/command_false_touch_prevention</item>
        <item>@string/command_enable_dim_screen</item>
        <item>@string/command_disable_edge_gesture_title</item>
        <item>@string/command_disable_main_tts</item>
        <item>@string/command_disable_async_tts</item>
        <item>@string/command_incall_mode</item>
        <item>@string/switch_multi_finger_gestures</item>

        <!--语音操作ok-->
        <item>@string/command_set_tts_engine</item>
        <item>@string/command_toggle_tts_engine</item>
        <item>@string/command_raise_scr_volume</item>
        <item>@string/command_lower_scr_volume</item>
        <item>@string/command_speed_to_fast</item>
        <item>@string/command_speed_to_slow</item>
        <item>@string/command_raise_volume</item>
        <item>@string/command_lower_volume</item>
        <item>@string/command_voice_helper</item>
        <item>@string/command_voice_input</item>


        <!--焦点操作ok-->
        <item>@string/actions</item>
        <item>@string/url_menu_title</item>
        <item>@string/add_node_changed_list</item>
        <item>@string/node_changed_list_manager</item>
        <item>@string/edit_dict</item>
        <item>@string/command_edit_node_name</item>
        <item>@string/command_add_content_blacklist</item>
        <item>@string/command_verbatim_speak2</item>
        <item>@string/split_menu_title</item>
        <item>@string/command_gestures_edit</item>


        <!--ai功能ok-->
        <item>@string/command_auto_trans</item>
        <item>@string/command_recognition_caption</item>
        <item>@string/use_ocr_title</item>
        <item>@string/command_virtual_screen</item>
        <item>@string/command_virtual_table</item>
        <item>@string/command_ocr_text</item>
        <item>@string/command_ocr_focus</item>
        <item>@string/command_verification</item>
        <item>@string/command_trans</item>
        <item>@string/camera_title</item>


        <!--其他操作ok-->
        <item>@string/command_now_time</item>
        <item>@string/command_timer_mode</item>
        <item>@string/command_pasue_timer</item>
        <item>@string/command_current_location</item>
        <item>@string/command_speak_light</item>
        <item>@string/command_speak_time</item>
        <item>@string/command_speak_net</item>
        <item>@string/command_to_head_set_key</item>
        <item>@string/command_media_previous</item>
        <item>@string/command_media_next</item>


        <!--编辑操作ok-->
        <item>@string/clipboard_menu_title</item>
        <item>@string/favorites_menu_title</item>
        <item>@string/command_paste</item>
        <item>@string/command_copy</item>
        <item>@string/command_append_copy</item>
        <item>@string/command_long_copy</item>
        <item>@string/command_clean</item>
        <item>@string/split_edit_title</item>
        <item>@string/command_long_edit</item>
        <item>@string/command_all_select</item>


        <!--系统操作ok-->
        <item>@string/command_to_recents</item>
        <item>@string/command_to_home</item>
        <item>@string/command_to_back</item>
        <item>@string/command_to_notifications</item>
        <item>@string/command_quick_settings</item>
        <item>@string/command_take_screenshot</item>
        <item>@string/command_off_screen2</item>
        <item>@string/command_power_dialog</item>
        <item>@string/command_to_split_screen</item>
        <item>@string/command_notification_box</item>

        <!--执行操作-->
        <item>@string/command_click</item>
        <item>@string/command_long_click</item>
        <item>@string/raw_click</item>
        <item>@string/raw_long_click</item>
        <item>@string/command_raw_double_tap</item>
        <item>@string/raw_swipe_left</item>
        <item>@string/raw_swipe_right</item>
        <item>@string/raw_swipe_up</item>
        <item>@string/raw_swipe_down</item>
        <item>@string/command_virtual_navigation</item>

        <!--浏览模式-->
        <item>@string/char_mode</item>
        <item>@string/list_mode_title</item>
        <item>@string/all_text_title</item>
        <item>@string/command_node_mode</item>
        <item>@string/command_all_speak</item>
        <item>@string/command_supper_mode</item>
        <item>@string/command_raw_tap</item>
        <item>@string/command_up_tap</item>
        <item>@string/command_tap_mode</item>


        <item>@string/command_read_mode</item>
        <item>@string/command_auto_next</item>
        <item>@string/auto_previous</item>

        <item>@string/input_method</item>
        <item>@string/command_show_input_method_picker</item>
        <item>@string/command_speak_all_notification</item>
        <item>@string/command_left_shortcut</item>
        <item>@string/command_right_shortcut</item>
        <item>@string/command_start</item>
        <item>@string/command_end</item>


        <item>@string/select_granularity_mode</item>
        <!--导航类型-->
        <item>@string/to_previous_granularity</item>
        <item>@string/to_next_granularity</item>
        <item>@string/to_previous_granularity_item</item>
        <item>@string/to_next_granularity_item</item>
        <item>@string/command_previous_window</item>
        <item>@string/command_next_window</item>

        <item>@string/command_to_previous_focus</item>
        <item>@string/command_to_next_focus</item>
        <item>@string/command_to_previous_scroll</item>
        <item>@string/command_to_next_scroll</item>
        <item>@string/command_to_previous_progress</item>
        <item>@string/command_to_next_progress</item>


        <item>@string/command_to_previous_section</item>
        <item>@string/command_to_next_section</item>
        <item>@string/command_to_previous_link</item>
        <item>@string/command_to_next_link</item>
        <item>@string/command_to_previous_control</item>
        <item>@string/command_to_next_control</item>
        <item>@string/command_to_previous_char</item>
        <item>@string/command_to_next_char</item>
        <item>@string/command_to_previous_word</item>
        <item>@string/command_to_next_word</item>
        <item>@string/command_to_previous_row</item>
        <item>@string/command_to_next_row</item>
        <item>@string/command_to_previous_paragraph</item>
        <item>@string/command_to_next_paragraph</item>


       <item>@string/command_copy_to_cloud</item>
        <item>@string/command_paste_from_cloud</item>
        <item>@string/command_up_page</item>
        <item>@string/command_down_page</item>
        <item>@string/command_left_page</item>
        <item>@string/command_right_page</item>

        <!--item>极速浏览</item-->

    </string-array>
    <string-array name="right_menu_items">
        <item>@string/command_click</item>
        <item>@string/command_long_click</item>
        <item>@string/command_start</item>
        <item>@string/command_end</item>
        <item>@string/command_copy</item>
        <item>@string/command_append_copy</item>
        <item>@string/command_paste</item>
        <item>@string/clipboard_menu_title</item>
        <item>@string/favorites_menu_title</item>
        <item>@string/split_edit_title</item>
        <item>@string/command_long_copy</item>
        <item>@string/command_trans</item>
        <item>@string/command_verification2</item>
        <item>@string/command_timer_mode</item>
        <item>@string/cancel</item>
    </string-array>
    <string-array name="left_menu_items">
        <item>@string/command_auto_next</item>
        <item>@string/command_read_mode</item>
        <item>@string/list_mode_title</item>
        <item>@string/split_menu_title</item>
        <item>@string/command_verbatim_speak2</item>
        <item>@string/command_all_speak</item>
        <item>@string/command_all_select</item>
        <item>@string/command_ocr_text</item>
        <item>@string/plugin_title</item>
        <item>@string/command_notification_box</item>
        <item>@string/command_to_notifications</item>
        <item>@string/command_long_edit</item>
        <item>@string/command_gestures_edit</item>
        <item>@string/command_virtual_screen</item>
        <item>@string/cancel</item>
    </string-array>
    <string-array name="action_menu_items">
        <item>@string/command_clean</item>
        <item>@string/command_select</item>
        <item>@string/command_copy</item>
        <item>@string/command_append_copy</item>
        <item>@string/command_paste</item>
        <item>@string/clipboard_menu_title</item>
        <item>@string/favorites_menu_title</item>
        <item>@string/split_edit_title</item>
        <item>@string/command_long_copy</item>
        <item>Open keyboard</item>

    </string-array>
    <string-array name="menu_def_items">
        <item>@string/split_menu_title</item>
        <item>@string/list_mode_title</item>
        <item>@string/command_all_speak</item>
        <item>@string/command_voice_helper</item>
        <item>@string/plugin_title</item>
        <item>@string/main_setting</item>
        <item>@string/command_disable_feedback</item>
    </string-array>
    <string-array name="menu_items">
        <item>@string/action_menu_title</item>
        <item>@string/advanced_menu_title</item>
        <item>@string/command_auto_next</item>
        <item>@string/command_read_mode</item>
        <item>@string/list_mode_title</item>
        <item>@string/command_node_mode</item>
        <item>@string/split_menu_title</item>
        <item>@string/command_verbatim_speak2</item>
        <item>@string/command_all_speak</item>
        <item>@string/all_text_title</item>
        <item>@string/command_all_select</item>
        <item>@string/command_voice_helper</item>
        <item>@string/command_ocr_text</item>
        <item>@string/camera_title</item>
        <item>@string/plugin_title</item>
        <item>@string/tool_title</item>
        <item>@string/main_setting</item>
        <item>@string/command_disable_touch</item>
        <item>@string/command_disable_feedback</item>
        <item>@string/command_notification_box</item>
        <item>@string/command_to_notifications</item>
        <item>@string/command_long_edit</item>
        <item>@string/command_gestures_edit</item>
        <item>@string/command_enable_dim_screen</item>
        <item>@string/command_virtual_screen</item>
        <item>@string/command_quick_mode</item>
        <item>@string/command_supper_mode</item>
        <item>@string/command_virtual_navigation</item>
    </string-array>
    <string-array name="left_button">
        <item>Gác máy</item>
        <item>Từ chối</item>
        <item>*Vuốt sang trái để từ chối*</item>
        <item>Kết thúc cuộc gọi</item>
        <item>Gác máy</item>
        <item>Kết thúc cuộc gọi</item>
        <item>结束QQ通话</item>
        <item>结束QQ电话</item>
        <item>Phương tiện trước</item>
        <item>Phương tiện trước</item>
        <item>Quay lại</item>
    </string-array>
    <string-array name="right_button">
        <item>Trả lời</item>
        <item>*Vuốt sang phải để trả lời*</item>
        <item>Rảnh tay</item>
        <item>Loa</item>
        <item>Phương tiện tiếp</item>
        <item>Phương tiện tiếp</item>
    </string-array>

    <string-array name="voice_recognizer_values">
        <item>3</item>
        <item>0</item>
        <item>1</item>
        <item>2</item>
    </string-array>
    <string-array name="voice_recognizer_entries">
        <item>Công cụ hệ thống</item>
        <item>Công cụ 1</item>
        <item>Công cụ 2</item>
        <item>Công cụ 3</item>
    </string-array>
    <string-array name="tts_values">
        <item>0</item>
        <item>1</item>
        <item>2</item>
        <item>3</item>
        <item>4</item>
        <item>5</item>
        <item>6</item>
        <item>7</item>
        <item>8</item>
        <item>9</item>
        <item>10</item>
        <item>11</item>
        <item>12</item>
        <item>13</item>
        <item>14</item>
        <item>15</item>
        <item>16</item>
        <item>17</item>
        <item>18</item>
        <item>19</item>
        <item>20</item>
        <item>21</item>
        <item>22</item>
        <item>23</item>
        <item>24</item>
        <item>25</item>
        <item>26</item>
        <item>27</item>
        <item>28</item>
        <item>29</item>
        <item>30</item>
        <item>31</item>
        <item>32</item>
        <item>33</item>
        <item>34</item>
        <item>35</item>
        <item>36</item>
        <item>37</item>
        <item>38</item>
        <item>39</item>
        <item>40</item>
        <item>41</item>
        <item>42</item>
        <item>43</item>
        <item>44</item>
        <item>45</item>
        <item>46</item>
        <item>47</item>
        <item>48</item>
        <item>49</item>
        <item>50</item>
        <item>51</item>
        <item>52</item>
        <item>53</item>
        <item>54</item>
        <item>55</item>
        <item>56</item>
        <item>57</item>
        <item>58</item>
        <item>59</item>
        <item>60</item>
        <item>61</item>
        <item>62</item>
        <item>63</item>
        <item>64</item>
        <item>65</item>
        <item>66</item>
        <item>67</item>
        <item>68</item>
        <item>69</item>
        <item>70</item>
        <item>71</item>
        <item>72</item>
        <item>73</item>
        <item>74</item>
        <item>75</item>
        <item>76</item>
        <item>77</item>
        <item>78</item>
        <item>79</item>
        <item>80</item>
        <item>81</item>
        <item>82</item>
        <item>83</item>
        <item>84</item>
        <item>85</item>
        <item>86</item>
        <item>87</item>
        <item>88</item>
        <item>89</item>
        <item>90</item>
        <item>91</item>
        <item>92</item>
        <item>93</item>
        <item>94</item>
        <item>95</item>
        <item>96</item>
        <item>97</item>
        <item>98</item>
        <item>99</item>
        <item>100</item>
    </string-array>
    <!--string-array name="tts_speaker_title">
        <item>giọng nữ</item>
        <item>Giọng nam</item>
        <item>Du Xiao Yao</item>
        <item>Du Ya Ya</item>
    </string-array>
    <string-array name="tts_speaker">
        <item>0</item>
        <item>1</item>
        <item>3</item>
        <item>4</item>
    </string-array-->
    <string-array name="vibrate_intensity_entries">
        <item>Sáng</item>
        <item>Trung bình</item>
        <item>Mạnh</item>
        <item>Rất mạnh</item>
    </string-array>
    <string-array name="vibrate_intensity_values">
        <item>12</item>
        <item>32</item>
        <item>48</item>
        <item>64</item>
    </string-array>
    <string-array name="long_click_entries">
        <item>Ngắn</item>
        <item>Trung bình</item>
        <item>Dài</item>
    </string-array>
    <string-array name="long_click_values">
        <item>500</item>
        <item>750</item>
        <item>1000</item>
    </string-array>
    <string-array name="edge_gesture_width_entries">
        <item>Nhỏ</item>
        <item>Trung bình</item>
        <item>Lớn</item>
        <item>tối đa</item>
    </string-array>
    <string-array name="edge_gesture_width_values">
        <item>8</item>
        <item>12</item>
        <item>16</item>
        <item>20</item>
    </string-array>
    <string-array name="tts_speaker_entries">
        <item>Xiao Yan</item>
        <item>Xiao Feng</item>
    </string-array>
    <string-array name="tts_speaker_values">
        <item>xiaoyan</item>
        <item>xiaofeng</item>
    </string-array>
    <string-array name="advanced_menu_items">
        <item>Dịch tiêu điểm hiện tại và sao chép bản dịch</item>
        <item>Nhận biết phong cảnh</item>
        <item>Nhận dạng sau đó dịch văn bản của tiêu điểm hiện tại</item>
        <item>Nhận dạng khuôn mặt</item>
        <item>nhận dạng CAPTCHA</item>
        <item>Xem kết quả nhận dạng</item>
        <item>nhận dạng hình ảnh</item>
        <item>Xác minh câu đố thanh trượt</item>
        <item>nhận dạng câu đố</item>
    </string-array>
    <string-array name="lang_entries">
        <item>Tự động</item>
        <item>Hàn Quốc</item>
        <item>Trung quốc phồn thể</item>
        <item>Trung quốc dản thể</item>
        <item>Hà Lan</item>
        <item>Thái</item>
        <item>Hy Lạp</item>
        <item>Ý</item>
        <item>Slovenia</item>
        <item>Nhật</item>
        <item>Anh</item>
        <item>Ả Rập</item>
        <item>Quảng Đông</item>
        <item>Hungary</item>
        <item>Estonia</item>
        <item>Rumani</item>
        <item>Trung quốc</item>
        <item>Séc</item>
        <item>Đức</item>
        <item>Pháp</item>
        <item>Phần Lan</item>
        <item>Bồ Đào Nha</item>
        <item>Đan Mạch</item>
        <item>Nga</item>
        <item>Bungari</item>
        <item>Tây Ban Nha</item>
        <item>Thụy Điển</item>
        <item>Polish</item>
        <item>Việt nam</item>

        <item>Irish</item>
        <item>Orkish</item>
        <item>Albanian</item>
        <item>Akan</item>
        <item>Aragonese</item>
        <item>Amharic</item>
        <item>Assamese</item>
        <item>Aymara</item>
        <item>Azeri</item>
        <item>Asturian</item>
        <item>Ossetian</item>
        <item>Ojibwa</item>
        <item>Oryan</item>
        <item>Oromo</item>
        <item>Persian</item>
        <item>Breton</item>
        <item>Bashkir</item>
        <item>Basque</item>
        <item>Brazilian Portuguese</item>
        <item>Belarusian</item>
        <item>Berber</item>
        <item>Pampanga</item>
        <item>Northern Sami</item>
        <item>Northern Sotho</item>
        <item>Bemba</item>
        <item>Birim</item>
        <item>Bislama</item>
        <item>Balochian</item>
        <item>Icelandic</item>
        <item>Bosnian</item>
        <item>Bhojpuri</item>
        <item>Chuvash</item>
        <item>Conga</item>
        <item>Tatar</item>
        <item>Shan</item>
        <item>Detun</item>
        <item>Dhivehi</item>
        <item>Lowland German</item>
        <item>Filipino</item>
        <item>Sanskrit</item>
        <item>Friuli</item>
        <item>Fulani</item>
        <item>Faroese</item>
        <item>Gaelic</item>
        <item>Congo</item>
        <item>Highland Sorbian</item>
        <item>Khmer</item>
        <item>Greenlandic</item>
        <item>Georgian</item>
        <item>Gujarati</item>
        <item>Ancient Greek</item>
        <item>Old English</item>
        <item>Guarani</item>
        <item>Hupa</item>
        <item>Hakachin</item>
        <item>Haitian</item>
        <item>Hausa</item>
        <item>Montenegrin</item>
        <item>Kyrgyz</item>
        <item>Galician</item>
        <item>Canadian French</item>
        <item>Catalan</item>
        <item>Kabairian</item>
        <item>Kanadian</item>
        <item>Kanuri</item>
        <item>Kashubian</item>
        <item>Kangwar</item>
        <item>Corsa</item>
        <item>Corsican</item>
        <item>Creek</item>
        <item>Crimea Tatar</item>
        <item>Klingon</item>
        <item>Croatian</item>
        <item>Kechuan</item>
        <item>Kashmiri</item>
        <item>Konkani</item>
        <item>Kurdish</item>
        <item>Latin</item>
        <item>Laotian</item>
        <item>Latgalai</item>
        <item>Latvian</item>
        <item>Limburgish</item>
        <item>Lingala</item>
        <item>Luganda</item>
        <item>Luxembourgish</item>
        <item>Lushanian</item>
        <item>Rwandan</item>
        <item>Lithuanian</item>
        <item>Romansh</item>
        <item>Roma</item>
        <item>Logic</item>
        <item>Malay</item>
        <item>Burmese</item>
        <item>Marathi</item>
        <item>Malagasy</item>
        <item>Malayalam</item>
        <item>Macedonian</item>
        <item>Marshallese</item>
        <item>Maitili</item>
        <item>Manx</item>
        <item>Mauritian Creole</item>
        <item>Maori</item>
        <item>Bengali</item>
        <item>Maltese</item>
        <item>Hmong</item>
        <item>Norwegian</item>
        <item>Neapolitan</item>
        <item>South Ndebele</item>
        <item>African Dutch</item>
        <item>South Sotho</item>
        <item>Nepali</item>
        <item>Punjabi</item>
        <item>Papi Amento</item>
        <item>Pashto</item>
        <item>Chichewa</item>
        <item>Chivean</item>
        <item>Cherokee</item>
        <item>Sardinian</item>
        <item>Samoan</item>
        <item>Serbian-Croatian</item>
        <item>Serbian</item>
        <item>Sanghainese</item>
        <item>Sinhalese</item>
        <item>Asperanto</item>
        <item>Written Norwegian</item>
        <item>Slovak</item>
        <item>Kiswahili</item>
        <item>Somali</item>
        <item>Serbian (Cyrillic)</item>
        <item>Turkish</item>
        <item>Tajik</item>
        <item>Tamil</item>
        <item>Tagalog</item>
        <item>Tigrinya</item>
        <item>Telugu</item>
        <item>Tunisian Arabic</item>
        <item>Turkmen</item>
        <item>Ukrainian</item>
        <item>Walloon</item>
        <item>Welsh</item>
        <item>Vinda</item>
        <item>Volovian</item>
        <item>Urdu</item>
        <item>Hebrew</item>
        <item>Sepharic</item>
        <item>Cilician</item>
        <item>Hiligaynon</item>
        <item>Lower Sorbian</item>
        <item>Hawaiian</item>
        <item>New Norwegian</item>
        <item>Western African written language</item>
        <item>Sindhi</item>
        <item>Shona</item>
        <item>Cebuano</item>
        <item>Syriac</item>
        <item>Sundanese</item>
        <item>Hindi</item>
        <item>Indonesian</item>
        <item>Yiddish</item>
        <item>Inte</item>
        <item>Azeri</item>
        <item>Ingush</item>
        <item>Ibo language</item>
        <item>Ido language</item>
        <item>Yoruba</item>
        <item>Armenian</item>
        <item>Inuktitut</item>
        <item>Iranian</item>
        <item>Zazaqi</item>
        <item>Medieval French</item>
        <item>Zulu</item>
        <item>Javanese</item>
    </string-array>
    <string-array name="lang_values">
        <item>auto</item>
        <item>kor</item>
        <item>wyw</item>
        <item>cht</item>
        <item>nl</item>
        <item>th</item>
        <item>el</item>
        <item>it</item>
        <item>slo</item>
        <item>jp</item>
        <item>en</item>
        <item>ara</item>
        <item>yue</item>
        <item>hu</item>
        <item>est</item>
        <item>rom</item>
        <item>zh</item>
        <item>cs</item>
        <item>de</item>
        <item>fra</item>
        <item>fin</item>
        <item>pt</item>
        <item>dan</item>
        <item>ru</item>
        <item>bul</item>
        <item>spa</item>
        <item>swe</item>
        <item>pl</item>
        <item>vie</item>

        <item>gle</item>
        <item>oci</item>
        <item>alb</item>
        <item>aka</item>
        <item>arg</item>
        <item>amh</item>
        <item>asm</item>
        <item>aym</item>
        <item>aze</item>
        <item>ast</item>
        <item>oss</item>
        <item>oji</item>
        <item>ori</item>
        <item>orm</item>
        <item>per</item>
        <item>bre</item>
        <item>bak</item>
        <item>baq</item>
        <item>pot</item>
        <item>bel</item>
        <item>ber</item>
        <item>pam</item>
        <item>sme</item>
        <item>ped</item>
        <item>bem</item>
        <item>bli</item>
        <item>bis</item>
        <item>bal</item>
        <item>ice</item>
        <item>bos</item>
        <item>bho</item>
        <item>chv</item>
        <item>tso</item>
        <item>tat</item>
        <item>sha</item>
        <item>tet</item>
        <item>div</item>
        <item>log</item>
        <item>fil</item>
        <item>san</item>
        <item>fri</item>
        <item>ful</item>
        <item>fao</item>
        <item>gla</item>
        <item>kon</item>
        <item>ups</item>
        <item>hkm</item>
        <item>kal</item>
        <item>geo</item>
        <item>guj</item>
        <item>gra</item>
        <item>eno</item>
        <item>grn</item>
        <item>hup</item>
        <item>hak</item>
        <item>ht</item>
        <item>hau</item>
        <item>mot</item>
        <item>kir</item>
        <item>glg</item>
        <item>frn</item>
        <item>cat</item>
        <item>kab</item>
        <item>kan</item>
        <item>kau</item>
        <item>kah</item>
        <item>cor</item>
        <item>xho</item>
        <item>cos</item>
        <item>cre</item>
        <item>cri</item>
        <item>kli</item>
        <item>hrv</item>
        <item>que</item>
        <item>kas</item>
        <item>kok</item>
        <item>kur</item>
        <item>lat</item>
        <item>lao</item>
        <item>lag</item>
        <item>lav</item>
        <item>lim</item>
        <item>lin</item>
        <item>lug</item>
        <item>ltz</item>
        <item>ruy</item>
        <item>kin</item>
        <item>lit</item>
        <item>roh</item>
        <item>ro</item>
        <item>loj</item>
        <item>may</item>
        <item>bur</item>
        <item>mar</item>
        <item>mg</item>
        <item>mal</item>
        <item>mac</item>
        <item>mah</item>
        <item>mai</item>
        <item>glv</item>
        <item>mau</item>
        <item>mao</item>
        <item>ben</item>
        <item>mlt</item>
        <item>hmn</item>
        <item>nor</item>
        <item>nea</item>
        <item>nbl</item>
        <item>afr</item>
        <item>sot</item>
        <item>nep</item>
        <item>pan</item>
        <item>pap</item>
        <item>pus</item>
        <item>nya</item>
        <item>twi</item>
        <item>chr</item>
        <item>srd</item>
        <item>sm</item>
        <item>sec</item>
        <item>srp</item>
        <item>sol</item>
        <item>sin</item>
        <item>epo</item>
        <item>nob</item>
        <item>sk</item>
        <item>swa</item>
        <item>som</item>
        <item>src</item>
        <item>tr</item>
        <item>tgk</item>
        <item>tam</item>
        <item>tgl</item>
        <item>tir</item>
        <item>tel</item>
        <item>tua</item>
        <item>tuk</item>
        <item>ukr</item>
        <item>wln</item>
        <item>wel</item>
        <item>ven</item>
        <item>wol</item>
        <item>urd</item>
        <item>heb</item>
        <item>fry</item>
        <item>sil</item>
        <item>hil</item>
        <item>los</item>
        <item>haw</item>
        <item>nno</item>
        <item>nqo</item>
        <item>snd</item>
        <item>sna</item>
        <item>ceb</item>
        <item>syr</item>
        <item>sun</item>
        <item>hi</item>
        <item>id</item>
        <item>yid</item>
        <item>ina</item>
        <item>ach</item>
        <item>ing</item>
        <item>ibo</item>
        <item>ido</item>
        <item>yor</item>
        <item>arm</item>
        <item>iku</item>
        <item>ir</item>
        <item>zaz</item>
        <item>frm</item>
        <item>zul</item>
        <item>jav</item>
    </string-array>

    <string-array name="tts_engine_values">
        <item>hệ thống</item>
        <item>unisound</item>
        <item>baidu</item>
    </string-array>
    <string-array name="tts_engine_entries">
        <item>Công cụ giọng nói hệ thống</item>
        <item>Uni sound</item>
        <item>Baidu</item>
    </string-array>
    <string-array name="tts_engine_vip_values">
        <item>Hệ thống</item>
        <item>iflytek</item>
        <item>unisound</item>
        <item>baidu</item>
    </string-array>
    <string-array name="tts_engine_vip_entries">
        <item>Công cụ giọng nói hệ thống</item>
        <item>IFlytek</item>
        <item>Uni sound</item>
        <item>Baidu Cloud TTS</item>
    </string-array>
    <string-array name="alarm_interval_values">
        <item>5</item>
        <item>10</item>
        <item>15</item>
        <item>30</item>
        <item>60</item>
    </string-array>
    <string-array name="alarm_interval_entries">
        <item>Cứ sau 5 phút</item>
        <item>Cứ sau 10 phút</item>
        <item>Cứ sau 15 phút</item>
        <item>Cứ sau 30 phút</item>
        <item>Mỗi tiếng</item>
    </string-array>
    <string-array name="timer_interval_values">
        <item>1</item>
        <item>5</item>
        <item>10</item>
        <item>15</item>
    </string-array>
    <string-array name="timer_interval_entries">
        <item>1 phút</item>
        <item>5 phút</item>
        <item>10 phút</item>
        <item>15 phút</item>
    </string-array>
    <string-array name="alarm_hour_values">
        <item>0</item>
        <item>1</item>
        <item>2</item>
        <item>3</item>
        <item>4</item>
        <item>5</item>
        <item>6</item>
        <item>7</item>
        <item>8</item>
        <item>9</item>
        <item>10</item>
        <item>11</item>
        <item>12</item>
        <item>13</item>
        <item>14</item>
        <item>15</item>
        <item>16</item>
        <item>17</item>
        <item>18</item>
        <item>19</item>
        <item>20</item>
        <item>21</item>
        <item>22</item>
        <item>23</item>
        <item>24</item>
    </string-array>
    <string-array name="recognizer_lang_entries">
        <item>Chinese simplified</item>
        <item>Chinese cantonese</item>
        <item>English</item>
    </string-array>
    <string-array name="recognizer_lang_values">
        <item>zh_CN</item>
        <item>zh_GD</item>
        <item>en_GB</item>
    </string-array>
    <string-array name="tts_scale_values">
        <item>1</item>
        <item>2</item>
        <item>3</item>
        <item>4</item>
        <item>5</item>
    </string-array>
    <string-array name="tts_scale_entries">
        <item>1</item>
        <item>2</item>
        <item>3</item>
        <item>4</item>
        <item>5</item>
    </string-array>
    <string-array name="web_type_title" >
        <item>Mặc định</item>
        <item>tiêu đề</item>
        <item>liên kết</item>
        <item>nút</item>

        <item>Mốc</item>
        <item>ô nhập liệu</item>
        <item>Phần tử có thể tập trung</item>
        <item>điều khiển</item>
        <item>Hình ảnh</item>
        <item>hộp kiểm</item>
        <item>Danh sách thả xuống</item>
        <item>Biểu mẫu</item>
        <item>danh sách</item>
        <item>Mục danh sách</item>

        <item>chế độ cuộn</item>
        <item>Xem</item>

        <item>Kí tự</item>
        <item>Từ</item>
        <item>Dòng</item>
        <item>đoạn</item>
        <item>Trang</item>
        <item>chế độ sao chép</item>
        <item>âm lượng phương tiện</item>
        <item>Tốc độ giọng nói</item>
        <item>OCr và dịch</item>
        <item>Vùng màn hình</item>

    </string-array>

    <string-array name="hot_key_help_items" >
        <item>CTRL+DPAD_UP: Phần tử trước</item>
        <item>CTRL+DPAD_DOWN: Phần tử tiếp</item>
        <item>CTRL+DPAD_LEFT: Phím tắt trước</item>
        <item>CTRL+DPAD_RIGHT: Phím tắt tiếp</item>
        <item>CTRL+PAGE_UP: Cuộn lên</item>
        <item>CTRL+PAGE_DOWN: Cuộn xuống</item>
        <item>CTRL+H: Màn hình chính</item>
        <item>CTRL+N: thanh thông báo</item>
        <item>CTRL+P: ứng dụng gần đây</item>
        <item>CTRL+SPACE: Nhấn</item>
        <item>CTRL+L: Nhấn lâu</item>
        <item>CTRL+Q: Cài đặt nhanh</item>

        <item>ALT+M: Menu chính</item>
        <item>ALT+A: Menu chức năng</item>
        <item>ALT+P: Tiện ích mở rộng</item>
        <item>ALT+T: Công cụ</item>
        <item>ALT+V: trợ lý giọng nói</item>
        <item>ALT+S: Chế độ chỉnh sửa chi tiết</item>
        <item>ALT+L: Chế độ duyệt danh sách</item>

    </string-array>
      <string-array name="view_type_title" >
        <item>Mặc định</item>
        <item>nhãn</item>
        <item>nút</item>
        <item>ô nhập liệu</item>

        <item>Hình ảnh</item>
        <item>hộp kiểm</item>
        <item>thanh tiến trình</item>
        <item>danh sách</item>
        <item>Mục danh sách</item>
        <item>Phần tử có thể tập trung</item>
        <item>Phần tử có thể nhấn</item>
        <item>Nút</item>
        <item>chế độ cuộn</item>
        <item>điều hướng dọc</item>

        <item>Kí tự</item>
        <item>Từ</item>
        <item>Dòng</item>
        <item>tiêu đề</item>
        <item>Trang</item>
        <item>chế độ sao chép</item>
        <item>âm lượng phương tiện</item>
        <item>Tốc độ giọng nói</item>
        <item>Dịch và OCR</item>
        <item>Vùng màn hình</item>

    </string-array>



</resources>
