<?xml version="1.0" encoding="utf-8"?>
<resources>

    <string-array name="help_items">
        <item>
        Thao tác duyệt cơ bản:\n
        Theo mặc định, thao tác vuốt lên sẽ điều hướng đến mục trước đó. Vuốt xuống điều hướng đến mục tiếp theo.\n
        Tuy nhiên, bạn có thể thay đổi cử chỉ này trong cài đặt hành động.</item>
        <item>
Menu chính: \n
        Theo mặc định, sử dụng thao tác vuốt xuống rồi sang phải để mở menu, vuốt sang phải để mở rộng thêm tùy chọn.\n
        Bạn có thể hiển thị tất cả các mục menu cùng một lúc bằng cách tùy chỉnh nó trong phần cài đặt.</item>
        <item>
        trợ lý giọng nói:\n
        Theo mặc định, trợ lý giọng nói được kích hoạt bằng cử chỉ vuốt xuống rồi sang trái và bạn có thể nói lệnh sau khi một âm thanh vang lên. Chạm vào màn hình sẽ buộc nhận dạng ngay lập tức\n
        Có thể tùy chỉnh trợ lý giọng nói trong cài đặt nâng cao, cài đặt trợ lý giọng nói, cài đặt khả năng của trợ lý giọng nói.\n</item>
        <item>
menu hành động: \n
        Theo mặc định, vuốt lên rồi sang phải sẽ mở menu hành động, vuốt sang phải sẽ mở rộng menu và nhấn đúp sẽ kích hoạt tùy chọn mục đang tiêu điểm trong menu.</item>
        <item>
        Tiện ích mở rộng:\n
        Theo mặc định, cử chỉ đầu tiên và cuối cùng bên trái được sử dụng để mở danh sách tiện ích mở rộng, sau đó trượt sang phải để mở danh sách lệnh thoại và bấm đúp để thực hiện chức năng tương ứng.\n
        Bạn có thể tìm thấy nhiều tiện ích hơn trong phần tải xuống tài nguyên.\n
        Cài đặt nâng cao, cài đặt trợ lý giọng nói, cài đặt lệnh thoại, mới, sửa đổi hoặc tải xuống </item>
        <item>
        Sao chép, nối thêm sao chép, khay nhớ tạm và mục yêu thích:\n
        Các chức năng này có thể được tìm thấy trong menu hoạt động.\n
        Sao chép, sao chép mục đang tiêu điểm vào khay nhớ tạm\n
        Nối sao chép để nối nội dung đang tiêu điểm vào khay nhớ tạm bạn đã sao chép trước đó,\n
        Khay nhớ tạm, ghi lại nội dung được sao chép gần đây nhất, nhấn để nhập vào ô nhập liệu, nhấn lâu để thêm nội dung vào mục yêu thích\n
        Mục Yêu thích, Nhấn để nhập vào ô nhập liệu, nhấn và giữ để chỉnh sửa,\n
        Trong cài đặt nâng cao, quản lý tài nguyên có thể xóa hoặc sao lưu khay nhớ tạm và mục yêu thích</item>
        <item>
        sao chép dài (chỉ dành cho người dùng cao cấp):\n
        Sao chép dài có thể sao chép nội dung danh sách dài.\n
        Sau khi sao chép dài được kích hoạt trong menu hoạt động, bạn cần đợi thời gian khác nhau tùy theo độ dài của danh sách. Khi sao chép hoàn thành, bạn sẽ được nhắc hoàn thành sao chép dài.\n
        Trong quá trình sao chép dài, bạn có thể buộc hủy bỏ bằng cách vuốt bất kỳ cử chỉ nào.</item>
        <item>
        Lựa chọn toàn văn (Chỉ người dùng cao cấp):\n
        Lựa chọn toàn văn chủ yếu phù hợp để sao chép một số nội dung từ các trang web hoặc nội dung dài.
        Lựa chọn toàn văn có thể chia nội dung theo dạng từ, câu, đoạn, chọn nội dung cần thiết thông qua dạng hộp kiểm, cuối cùng là sao chép,\n
        Trong danh sách nội dung, bạn có thể nhấn và giữ một mục làm điểm bắt đầu, sau đó nhấn và giữ phần cuối của lựa chọn để chọn nhanh nhiều mục liên tiếp.</item>
        <item>
        Chỉnh sửa nâng cao (chức năng thành viên):\n
        Bạn có thể chỉnh sửa nội dung tiêu điểm theo từ, câu, đoạn hoặc toàn văn trong ô sửa hoặc ô không sửa để tiện cho việc định vị và sửa đổi nhanh chóng.\n
        Nhấn vào danh sách chỉnh sửa đã chia để chỉnh sửa, nhấn và giữ để mục nhập được chia chi tiết hơn.\n
        Có thể nhấn vào ô chỉnh sửa để chỉnh sửa và ô không chỉnh sửa chỉ có thể được lưu vào khay nhớ tạm bằng cách sao chép.</item>
        <item>
        duyệt danh sách:\n
        Hiển thị tất cả tiêu điểm dưới dạng danh sách, nhấn để kích hoạt tiêu điểm tương ứng, đặc biệt thích hợp để sử dụng trên các trang web.</item>
        <item>
        Chế độ đọc (chức năng thành viên):\n
        Bạn có thể đọc các bài viết trên trang web do trình duyệt mở, lọc nội dung không mong muốn và chuyển trang tự động.</item>
        <item>
        Màn hình ảo (chức năng thành viên):\n
        OCR nhận dạng nội dung trên màn hình, hiển thị kết quả theo vị trí văn bản, nhấn vào văn bản kết quả để kích hoạt tiêu điểm tương ứng, nhấn và giữ từ để tách tiêu điểm và nhấn vào từ để kích hoạt vị trí của từ tương ứng.\n
        Android 7 trở lên nhấp đúp để kích hoạt, Android 6 trợ xuống thì nhấn ba lần để kích hoạt.</item>
        <item>
        Nhận dạng văn bản (chức năng thành viên):\n
        Nội dung trên màn hình được OCR nhận dạng và kết quả được hiển thị ở dạng danh sách, và danh sách kết quả được nhấn để kích hoạt tiêu điểm tương ứng, nhấn lâu theo sau là kết quả hiển thị từ và một từ được kích hoạt để kích hoạt vị trí của từ tương ứng.\n
        Nhấn không được hỗ trợ trong Android 6 và chỉ có thể xem kết quả.</item>
        <item>
        Nhận dạng Captcha (chức năng thành viên):\n
        Chạm vào tiêu điểm mã xác minh, sử dụng menu nâng cao, nhận dạng mã xác minh, hoặc trợ lý giọng nói, nhận dạng mã xác minh, có thể nhận dạng tiếng Anh hoặc mã xác minh kỹ thuật số, và kết quả nhận dạng được tự động sao chép vào khay nhớ tạm.</item>
        <item>
        Máy ảnh Jieshuo (chức năng thành viên):\n
        Máy ảnh có thể nhận dạng văn bản, cảnh, động vật, thực vật hoặc hướng dẫn máy ảnh. Máy hiện chỉ hỗ trợ camera sau, sử dụng phím tăng âm lượng chụp, Dảm âm lượng chuyển đổi chế độ.</item>
        <item>
        Điều hướng nhanh giữa các mục danh sách:\n
        Trong cài đặt hoạt động, cài đặt cử chỉ phím tắt trái và phải cho phép cử chỉ trái và phải di chuyển nhanh trong danh sách, bạn có thể sử dụng cử chỉ trái hoặc phải để duyệt nhanh tin nhắn trong danh sách tin nhắn QQ chẳng hạn.</item>
        <item>
        Thông báo danh sách đen/trắng:\n
        Danh sách đen thông báo có thể lọc ra các thông báo chứa nội dung đã chỉ định và nhập dấu sao để lọc tất cả các thông báo của ứng dụng.\n
        Danh sách trắng thông báo có thể cho phép đọc các thông báo chứa nội dung đã chỉ định, ngay cả khi thông báo đã bị đóng, việc nhập dấu sao cho biết rằng tất cả các thông báo cho chương trình đều được phép.\n
        Từ khóa hỗ trợ biểu thức chính quy.</item>
        <item>
        danh sách đen nội dung:\n
        Bạn có thể lọc nội dung tiêu điểm của nội dung được chỉ định, thường được sử dụng để lọc một số hướng dẫn trợ năng không đúng.\n
        Cụm từ thông dụng không được hỗ trợ dựa trên các cân nhắc về hiệu quả.</item>
        <item>
        Lọc nội dung web (chức năng thành viên):\n
        Lọc các chú thích hình ảnh vô dụng trên trang lọc ra các hướng dẫn dài dòng và vô ích trên trang.\n
        Lọc mạnh hơn có thể lọc thêm nội dung không cần thiết.</item>
        <item>
        Chế độ mạnh mẽ (chức năng thành viên). Cái này ghi sao tôi dịch vậy à nha. Tôi không biết phải dịch chế độ này thế nào cho đúng cả. Hãy chỉ đọc để tham khảo thôi nha:\n
        Chế độ mạnh mẽ giúp bạn tập trung hơn vào hoạt động,\n
        Nó được biết là mang lại trải nghiệm tốt hơn trong phần mềm như WeChat Sports, WeChat Friends Circle, Taobao Footprint, Huawei Router, v.v..</item>
        <item>
        Điều hướng ảo (chức năng thành viên):\n
        Điều hướng ảo có thể thêm vị trí của nội dung không thể nhấn trực tiếp vào danh sách điều hướng.\n
        Vui lòng chỉ thêm tiêu điểm của vị trí không thay đổi, nhấn vào tên đầu vào tiêu điểm được nhận dạng trong phần nhận dạng nhấn để thêm,\n
        Chỉ hỗ trợ Android 7 trở lên.</item>
        <item>
        Cử chỉ tùy chỉnh:\n
        Bạn có thể tùy chỉnh mọi tính năng tích hợp hoặc mở rộng dưới dạng cử chỉ.\n
        Nhanh chóng thay đổi cử chỉ bằng cách nhập bộ cử chỉ.\n
        Sau khi cử chỉ được nhập, nó cần được đặt trong thao tác và chuyển đổi bộ cử chỉ có thể có hiệu lực.\n
        Nếu bạn không quen với các thao tác trong cài đặt chung, hãy tùy chỉnh cử chỉ để sửa đổi cử chỉ.</item>
        <item>
        Phần này chưa được dịch. Tôi sẽ cập nhật sau. Hứa. Two-step gestures (member function):\n
        A two-step gesture is an operation that quickly operates a second gesture after a traditional gesture operation is completed.\n
        It can be turned on or customized in the action settings, two-step gestures,\n
        After the two-step gesture is turned on, there is a half-second delay after the first gesture operation is completed, waiting for the second step.\n
        Don\'t set gestures that require efficiency, such as moving focus gestures, using two-step gestures.</item>
        <item>
        Record voice commands:\n
        Start the voice assistant to say the recording command, say the program to be opened in turn or click the key of the focus to realize the rapid voice command production. When all the instructions are finished, say to end the recording, after the prompt to enter the name of the command, say the name of the command, and finally say determine.\n
        If there is an unrecognized instruction during the recording process, you can re-speak it.
        Recorded commands can be changed in Advanced Settings, Voice Assistant Settings, Voice Command Settings.</item>

    </string-array>

    <string-array name="code_help_items">
        <item>
        解说多功能手势和插件以lua语法配合解说专有API实现一个手势多个功能。\n
        如果对lua和androlua比较熟悉，还可以实现更多功能，本文档只讲述专有API部分。
        </item>
        <item>
        基本概念，\n
        service，辅助功能服务，是这个读屏服务的核心，各个功能都是以这个服务为核心。
        </item>
        <item>
        参数类型说明，\n
        node，当前焦点，也就是当前获得辅助功能焦点的节点，一般操作都是针对这个焦点的。\n
        bool，布尔值，true或者false。\n
        text，文字内容。
        </item>
        <item>
        return，返回，通知读屏你是否希望读屏执行该手势的默认操作。\n
        返回true则拦截该手势，false返回上一层执行，如在单程序手势返回false，则由全局手势接管处理，全局手势返回false，由默认手势处理。
        </item>
        <item>
        常用命令，\n
        service.execute("命令",node)\n
        这个命令就是解说为了简化开发内置的一些指令，如果执行成功返回true，失败返回false。
        </item>
        <item>
        service.postExecute(时间,"命令",node)\n
        延时执行命令，
        </item>
        <item>
        text=service.getText(node)\n
        获取指定节点的文字信息。
        </item>
        <item>
        service.setText(node,text)\n
        设置指定焦点输入框文字内容。
        </item>
        <item>
        service.setText(text)\n
        设置当前界面焦点输入框文字内容。
        </item>
        <item>
        service.copy()\n
        复制当前焦点的文字内容到剪切板。
        </item>
        <item>
        service.appendCopy()\n
        追加复制当前焦点的文字内容到剪切板。
        </item>
        <item>
        service.copy(text)\n
        复制指定的文字内容到剪切板。
        </item>
        <item>
        service.appendCopy(text)\n
        追加复制指定的文字内容到剪切板。
        </item>
        <item>
        service.paste()\n
        将剪切板内容粘贴到当前界面的输入框。
        </item>
        <item>
        service.paste(node)\n
        将剪切板内容粘贴到指定的输入框。
        </item>
        <item>
        service.toNext()\n
        下一个焦点。
        </item>
        <item>
        service.toNext(node,bool)\n
        指定节点下一个焦点，bool为true查找子节点，为false不查找子节点。
        </item>
        <item>
        service.toPrevious()\n
        上一个焦点。
        </item>
        <item>
        service.toPrevious(node,bool)\n
        指定节点上一个焦点，bool为true查找子节点，为false不查找子节点。
        </item>
        <item>
        service.toNextChar()\n
        下一个字符。
        </item>
        <item>
        service.toPreviousChar()\n
        上一个字符。
        </item>
        <item>
        service.toNextLine()\n
        下一行。
        </item>
        <item>
        service.toPreviousLine()\n
        上一行。
        </item>
        <item>
        service.toTextStart()\n
        到文字开头。
        </item>
        <item>
        service.toTextEnd()\n
        到文字结尾。
        </item>
        <item>
        service.toListViewStart()\n
        到列表开头。
        </item>
        <item>
        service.toListViewEnd()\n
        到列表结尾。
        </item>
        <item>
        service.getRootNodeInfo()\n
        获取根节点。
        </item>
        <item>
        service.ocr(node)\n
        文字识别指定节点，仅会员可用。
        </item>
        <item>
        service.setTimerMode(bool)\n
        开启或关闭计时器模式，bool为true开启，false为关闭。
        </item>
        <item>
        service.setAutoReadEnabled(bool)\n
        开启或关闭阅读模式，bool为true开启，false为关闭。
        </item>
        <item>
        service.setAutoNext(bool)\n
        开启或关闭自动浏览模式，bool为true开启，false为关闭。
        </item>
        <item>
        bool=service.isEditView(node)\n
        判断当前节点是否为编辑框。
        </item>
        <item>
        bool=service.isSeekBar(node)\n
        判断当前节点是否为进度滑块。
        </item>
        <item>
        bool=service.isListView(node)\n
        判断当前节点是否为列表。
        </item>
        <item>
        bool=service.isInListView(node)\n
        判断当前节点是否在列表中。
        </item>
        <item>
        bool=service.isInWebView(node)\n
        判断当前节点是否在网页中。
        </item>
        <item>
        bool=service.isClick(node)\n
        判断当前节点是否可以点击。
        </item>
        <item>
        service.toClick()\n
        点击当前焦点，在安卓7以上优先使用模拟手点击焦点。
        </item>
        <item>
        service.toClick(node)\n
        点击指定节点。
        </item>
        <item>
        service.toLongClick()\n
        长当前焦点。
        </item>
        <item>
        service.toLongClick(node)\n
        长按指定节点。
        </item>
        <item>
        service.toBack()\n
        返回。
        </item>
        <item>
        service.toHome()\n
        返回主屏幕。
        </item>
        <item>
        service.toNotification()\n
        打开通知栏。
        </item>
        <item>
        service.toParent()\n
        打开最近任务列表。
        </item>
        <item>
        service.scrollBackward(node)\n
        向后滚动。
        </item>
        <item>
        service.scrollForward(node)\n
        向前滚动。
        </item>
        <item>
        service.loadGesturePackage(name)\n
        载入手势方案。
        </item>
        <item>
        service.click(x,y)\n
        模拟人手点击屏幕指定位置，仅安卓7以上可用。
        </item>
        <item>
        service.longClick(x,y)\n
        模拟人手长按屏幕指定位置，仅安卓7以上可用。
        </item>
        <item>
        service.press(x,y,t)\n
        模拟人手在屏幕指定位置按住指定时间，仅安卓7以上可用。
        </item>
        <item>
        service.swipe(x1,y1,x2,y2,t)\n
        模式人手从一个位置用指定时间滑动到另一个位置，仅安卓7以上可用。
        </item>
        <item>
        代码控制语句。
        </item>
        <item>
        if 条件 then
        要执行的代码\n
        end\n
        满足指定条件执行中间的代码。\n
        如，\n
        if service.isEditView(node) then
          service.execute("拆分编辑",node)\n
        return true\n
        end\n
        这句代码意思是，当焦点为编辑框时打开拆分编辑。
        </item>
        <item>
        for n=1,重复次数 do\n
        要执行代码\n
        end\n
        重复指定代码一定次数\n
        如，\n
        for n=1,10 do\n
        service.toBack()\n
        end\n
        重复返回10次。
        </item>
        <item>
        定义函数，\n
        function 函数名称(参数)\n
        函数代码\n
        end
        </item>
        <item>
        函数是代码的功能块，可以有效的重复利用代码。\n
        如，下边是一个向列表添加数据的函数，在手势代码中，可以用于向一个列表添加重复的代码。\n
        function append(t1,t2)\n
        for k,v in ipairs(t2) do\n
        table.insert(t1,v)\n
        end \n
        end \n
        点击列表={}\n
        按钮列表={"%点击","%返回"}\n
        for n=1,10 do\n
        append(点击列表,按钮列表)\n
        end\n
        向点击列表重复添加10次按钮列表的内容。
        </item>
        <item>
        function 滑动()\n
        service.swipe(500,300,500,1000,1000)\n
        return true\n
        end\n
        模拟手在屏幕上滑动，可以在手势代码中使用，\n
        service.click({{">微信","%滑动"}})\n
        打开微信模拟在屏幕从上向下滑动。
        </item>
        <item>
        自动点击，\n
        service.click({按钮列表})\n
        自动依次查找点击按钮列表的按钮，\n
        按钮名称支持一些符号进行通配，\n
        如前面加#(井号)，表示搜索的是自定义标签，\n
        前边或后边加*(星号)表示前边或后边还有其他字符，\n
        后边加#(井号)表示按钮次序，\n
        后边加@(圈a)表示只在某一个程序查找，\n
        加$(美元)表示执行完成后延时。\n
        参数支持多个表，按顺序查找，\n
        如果查找成功返回true，失败返回false。\n
        完整说明见后边，
        </item>
        <item>
        延时点击，\n
        service.postClick(时间,{按钮列表})\n
        延时一定时间执行点击，时间单位为毫秒，按钮列表定义与click相同，\n
        没有返回值。
        </item>
        <item>
        service.plugin("插件名称",node)\n
        执行一个插件，\n
        返回插件自定义返回的值。
        </item>
        <item>
        解说手势以自动点击最为灵活，基础形式是
        </item>
        <item>
        按钮列表={}\n
        service.click(按钮列表)\n
        return true
        </item>
        <item>
        下边两行是固定的，自己只需要修改按钮列表即可，\n
        按钮列表格式是用英文花括号或者叫大括号括起来的一些按钮名称和符号组成，
        </item>
        <item>
        最简单的例子，
        </item>
        <item>
        按钮列表={"确定"}\n
        service.click(按钮列表)\n
        return true
        </item>
        <item>
        这个代码就能点击屏幕上的确定按钮，
        </item>
        <item>
        按钮列表={\n
        "确定",\n
        "完成"\n
        }
        service.click(按钮列表)\n
        return true
        </item>
        <item>
        这是第一级花括号，这个是如果有确定点击确定，没有确定就点击完成，如果没有确定，就继续找完成，依次类推
        </item>
        <item>
        有时候我们需要连续点击一系列按钮实现一些功能，这也是自动点击的优势，
        </item>
        <item>
        按钮列表={\n
        {"群资料卡","文件"}\n
        }
        service.click(按钮列表)\n
        return true
        </item>
        <item>
        这是二级花括号，在二级花括号中的按钮会被依次点击，直到某一个按钮不存在停止，
        </item>
        <item>
        在花括号中嵌套括号可以实现连续点击，
        </item>
        <item>
        在按钮列表中我们用一些符号来增强功能，
        </item>
        <item>
        最常用的是 * 星号，英文星号，这个符号在按钮文字的前后，表示可以有其它内容
        </item>
        <item>
        比如，在QQ主界面要点击，解说读屏交流群，而这个列表内容有时候后面会有99条未读之类内容，这时候就要写成，
        </item>
        <item>
        解说读屏交流群*
        </item>
        <item>
        # 井号，表示第几个结果，有时候一个界面有很多个名字一样的按钮，这时候需要用井号来说明点击第几个，
        </item>
        <item>
        如，确定#1，表示第一个，也可以是负数，如确定#-1，表示最后一个。
        </item>
        <item>
        这个井号在文字开头表示要查找的是按钮的标签，而不是按钮的名字，比如有的按钮没有名字，可以自己添加标签，并使用标签查找，
        </item>
        <item>
        符号中英文竖线|，表示或，也就是如果有竖线前边的点击前边的，没有就点击后边的，\n
        就拿刚才确定和完成的例子，可以简写为，\n
        确定|完成\n
        点击 确定 或者 完成，
        </item>
        <item>
        &amp; 表示和，也就是只有有&amp;符号后边内容的界面，才点击前边内容的按钮，
        </item>
        <item>
        确定&amp;*退出*\n
        表示，只有这个界面有退出字样，比如确定退出吗，才点击确定，而没有退出两个字就不执行，
        </item>
        <item>
        &amp;后边加叹号加关键字表示不包含后边内容时执行，\n
        确定&amp;!*退出*\n
        表示，只有这个界面没有退出字样时，才点击确定，而有退出两个字就不执行,和上一个情况相反，
        </item>
        <item>
        &amp;符号在前表示检查当前焦点类型，\n
        &amp;可编辑\n
        &amp;可点击\n
        &amp;列表\n
        &amp;列表项目\n
        &amp;编辑框\n
        这个编辑框是弹出输入法的编辑框，
        </item>
        <item>
        $美元符号，这个符号在文字后边表示点击该按钮后等待多长时间，执行下一步操作，
        </item>
        <item>
        "群资料卡$2000","文件"\n
        表示点击群资料卡卡后2秒点击文件，
        </item>
        <item>
        &lt; 小于号，在后边表示重复执行，重复点击按钮多少次，\n
        如
        下一曲&lt;10\n
        就重复点击下一曲十次，
        </item>
        <item>
        小于号在前边表示只定位，不点击。\n
        &lt;确定\n
        找到确定但是不点击。
        </item>
        <item>
        > 大于号，大于号在后边表示，等待次数符，\n
        "群资料卡","文件>10"\n
        手机反应有快有慢，用这个符号可以等待一定时间，这个代码表示，点击群资料卡后等待十秒，十秒以内以内如果出现文件就立即点击，如果超时就停止执行，
        </item>
        <item>
        在开头的大于号可以打开程序，\n
        >微信\n
        打开微信，\n
        >QQ\n
        打开QQ，
        </item>
        <item>
        还有一些扩展符号，可以执行其它功能，\n
        % 可以执行一些常用指令，\n
        比如，\n
        %复制\n
        可以复制，\n
        %全文朗读\n
        可以全屏朗读，
        </item>
        <item>
        %还可以执行脚本中指定的函数，函数返回true表示继续执行，false停止继续执行，
        </item>
        <item>
        []方括号包括的内容表示模拟直接点击，和使用辅助功能点击不同，直接点击可以解决一部分焦点不能点击的问题，\n
        [播放]\n
        模拟直接点击播放按钮，\n
        [%点击]\n
        模拟直接点击当前焦点
        </item>
        <item>
        [x,y]方括号包含两个数字表示模拟点击指定位置，可以用整数表示绝对位置，或者用小数表示相对位置，\n
        [300,500]\n
        模拟点击从左算300像素，从上算500像素的位置，\n
        [0.3,0.5]\n
        模拟点击从左算 0.3 个屏幕宽度，从上算 0.5 个屏幕高度的位置，
        </item>
        <item>
        [x,y,t]方括号包含三个数字表示模拟点击指定位置指定时间，前两个意思和上一个相同，第三个是以毫秒为单位的时间，\n
        [300,500,1000]\n
        模拟点击从左算 300 像素，从上算 500 像素的位置，持续 1000 毫秒
        </item>
        <item>
        [x1,y1,x2,y2,t]方括号包含五个数字表示用指定时间模拟从x1，y1滑动到x2,y2位置，可以用整数表示绝对位置，或者用小数表示相对位置，\n
        [300,500,300,800,1000]\n
        模拟从左算 300 像素，从上算 500 像素的位置，用 1000 毫秒时间滑动到 300,800 的位置，
        </item>
        <item>
        模拟滑动还可以指定滑动次数\n
        [300,500,300,800,1000,10]\n
        模拟从左算 300 像素，从上算 500 像素的位置，用 1000 毫秒时间滑动到 300,800 的位置，10 次,
        </item>
        <item>
        在手势执行中有时会有一些不同情况出现，比如打开QQ，点击解说读屏交流群，点击群资料卡，点击文件，\n
        如果有群公告，会在点击群资料卡那一步卡住，不能执行，\n
        这时需要分支代码来执行这些突发情况，\n
        我只是手写例子，可能会有错字导致不能执行，理解意思就可以了，
        </item>
        <item>
        按钮列表={\n
        {
            ">QQ",\n
        "解说读屏交流群*",\n
        {
              "我已阅读群公告|我知道了"\n
        },\n
        "群资料卡",\n
        "文件"\n
        }
        }
        </item>
        <item>
        因为QQ版本不同，确定群公告按钮也不一样，\n
        可以看到，在点击解说读屏交流群后，多了一对花括号括起来按钮，这个括号中的按钮，有则执行，没有则跳过，不影响后边按钮的执行，\n
        如果分支中有复杂操作，或者多种场景，我们还可以套入多个括号，
        </item>
        <item>
        按钮列表={\n
        {
            ">QQ",\n
        "解说读屏交流群*",\n
        {
             { "我已阅读群公告","确定"},\n
        { "我知道了","确定"},\n
        },\n
        "群资料卡",\n
        "文件"\n
        }
        }
        </item>502
    </string-array>

    <string-array name="gesture_help_items">
        <item>
        Gesture operation essentials:\n
        Single gestures should be straight, and movements should be fast\n
        The first part of the combined gesture should be longer than half the length of the screen, and the second part can be oriented as long as it is right.</item>
        <item>
        Combination gesture:\n
        First up, down, last focus\n
        First down, first, first focus\n
        First left and right task switching\n
        Right, then left, back\n
        First up and then right operation menu\n
        First right and then right function menu\n
        First, then left, extension\n
        First, then left, voice assistant\n
        First left, then left, word by word\n
        Right first, then upper, automatically read aloud\n
        First left and then open the notification bar\n
        First right, then bottom, browse the list\n
        Up twice click to browse\n
        Twice swipe down
        </item>
        <item>
        Click on the browse mode gesture:\n
        Click to switch focus\n
        Browse up mode\n
        Browse down mode
        </item>
        <item>
        Focus browsing mode gestures:\n
        Up one focus\n
        Down next focus
        </item>
        <item>
        QQ WeChat call\n
        Reject with left swipe\n
        Answer with right swipe
        </item>
        <item>
        Phone QQ WeChat call\n
        Hang up left\n
        Answer right
        </item>
        <item>
        List\n
        Page up to the left\n
        Flip right to the bottom
        </item>
        <item>
        Dialog\n
        Cancel left\n
        OK right
        </item>
        <item>
        Progress slider\n
		Swipe left to decrease slider\n
        Swipe right to increase slider
        </item>
        <item>
        Edit box\n
        Move the cursor forward\n
        Move the cursor backward
        </item>
        <item>
        Word-by-word browse mode gestures:\n
        Click to explain the current character\n
        Up one line up\n
        Down one line\n
        Left previous character\n
        Right next character\n
        First left, last, last paragraph\n
        First right, then next, next paragraph\n
        First, then right, select text\n
        Left first, then left, exit literally
        </item>
        <item>
        Text selection gestures: \n
        Single tap: read the current character.\n
        Up swipe: Go to the previous line.\n
        Down swipe: Go to the next line.\n
        Left swipe: Go to the previous character.\n
        Right swipe: Go to the next character.\n
        Left up swipe: Go to the previous paragraph.\n
        Right up swipe: Go to the next paragraph.\n
        Up right swipe: Deselect all.\n
        Down right swipe: Copy selection.\n
        Up left swipe: Append copy.\n
        Right down swipe: copy the whole text.
        </item>
        <item>
        Node browsing mode gestures
        Up swipe: go to the previous node.\n
        Down swipe: Go to the next node.\n
        Left swipe: go to the parent node.\n
        Right swipe: Go to the child node.\n
        Down left swipe: exit the node.
        </item>
        <item>
        Voice assistant manual: \n
        Open AppName: Opens the given app
        Send Content: allows direct sending to QQ and Wechat
        Search for content: performs the online search for the given phrase
        Voice assistant is extensible thanks to the editing menus and plugins.
        </item>
    </string-array>
    <string-array name="voice_helper_help_items">
        <item>Open the given program: Open application name</item>
        <item>Install the given program: install Application Name</item>
        <item>Uninstall the given program: uninstall Application Name</item>
        <item>Read Everything: Read the whole screen</item>
        <item>Read aloud: read aloud and follow the cursor</item>
        <item>Current Brightness: read the environment\'s brightness.</item>
        <item>Click: activate the focused element.</item>
        <item>Activate specified item: activate item with the specified name</item>
        <item>Copy currently focused item: Copy the currently focused item to the clipboard</item>
        <item>Translate: Translate the currently focused text.</item>
        <item>Translate LanguageName: Translate the currently focused text to a given language</item>
        <item>Select: Selects the given text</item>
        <item>Send a message in the qq WeChat chat window: Hello send</item>
        <item>ENter Text: Enters the spoken text in the text box</item>
        <item>Long Input: Long dictation mode</item>
        <item>Check weather: checks the weather</item>
        <item>Check the ticket: checks the train tickets.</item>
        <item>Tell the recipe: check the recipe for a given food.</item>
        <item>Tell a joke: tells a random joke</item>
        <item>Copy the response: copies the response of a given command.</item>
        <item>There are more features waiting for being discovered.</item>

    </string-array>

</resources>
