<?xml version="1.0" encoding="utf-8"?>
<resources>
    <string name="tts_speed">tts_speed</string>
    <string name="tts_use_app">tts_use_app</string>
    <string name="usage_hints">usage_hints</string>
    <string name="use_vibrate">vibrate</string>
    <string name="use_proixmity_sensor">use_proixmity_sensor</string>
    <string name="screen_off_speak">screen_off_speak</string>
    <string name="use_sound">use_sound</string>
    <string name="use_list_index">use_number</string>
    <string name="use_node">use_node</string>
    <string name="tts_volume">tts_volume</string>
    <string name="use_key_shortcut">use_key_shortcut</string>
    <string name="tts_speaker">tts_speaker</string>
    <string name="tts_system_settings">tts_system_settings</string>
    <string name="acc_settings">acc_settings</string>
    <string name="qq_group">qq_group</string>
    <string name="use_audio_focus">audio_focus</string>
    <string name="help">help</string>
    <string name="use_log">use_log</string>
    <string name="notification_speak">notification_speak</string>
    <string name="clipboard_data">clipboard_data</string>
    <string name="use_touch_mode">use_touch_mode</string>
    <string name="unknown_lable">unknown_lable</string>
    <string name="use_single_tap">use_single_tap</string>
    <string name="use_up_tap">use_up_tap</string>
    <string name="notification_setting">notification_setting</string>
    <string name="sound_volume">sound_volume</string>
    <string name="notification_bar_speak">notification_bar_speak</string>
    <string name="notification_toast_speak">notification_toast_speak</string>
    <string name="notification_announcement_speak">notification_announcement_speak</string>
    <string name="tts_settings">tts_settings</string>
    <string name="feed_setting">feed_setting</string>
    <string name="action_setting">action_setting</string>
    <string name="content_setting">content_setting</string>
    <string name="advanced_setting">advanced_setting</string>
    <string name="help_feed">help_feed</string>
    <string name="notification_white_list">notification_white_list</string>
    <string name="notification_black_list">notification_black_list</string>
    <string name="voice_help">voice_help</string>
    <string name="sound_package">sound_package</string>
    <string name="notification_app_name_speak">notification_app_name_speak</string>
    <string name="use_tap_mode">use_tap_mode</string>
    <string name="vibrate_intensity">vibrate_intensity</string>
    <string name="use_progress">use_progress</string>
    <string name="use_scroll_list_index">use_scroll_list_index</string>
    <string name="use_content_changed">use_content_changed</string>
    <string name="use_double_fling">use_double_fling</string>
    <string name="use_view_name">use_view_name</string>
    <string name="permissions_settings">permissions_settings</string>
    <string name="use_node_info">use_node_info</string>
    <string name="use_content_tree_changed">use_content_tree_changed</string>
    <string name="plugin_manager">plugin_manager</string>
    <string name="clipboard_manager">clipboard_manager</string>
    <string name="sound_manager">sound_manager</string>
    <string name="label_manager">label_manager</string>
    <string name="menu_manager">menu_manager</string>
    <string name="menu_up_tap">menu_up_tap</string>
    <string name="navigation_up_tap">navi_up_tap</string>
    <string name="only_notification">only_notification</string>
    <string name="send_log">send_log</string>
    <string name="long_click">long_click</string>
    <string name="use_up_long_click">use_up_long_click</string>
    <string name="backup_manager">backup_manager</string>
    <string name="user_letter_map">user_letter_map</string>
    <string name="tts_use_offline">tts_use_offline</string>
    <string name="gesture_package">gesture_package</string>
    <string name="gesture_manager">gesture_manager</string>
    <string name="use_ocr">use_ocr</string>
    <string name="content_blacklist">content_blacklist</string>
    <string name="tool">tool</string>
    <string name="tool_manager">tool_manager</string>
    <string name="manager">manager</string>
    <string name="use_headset_key">use_headset_key</string>
    <string name="use_wake_lock">use_wake_lock</string>
    <string name="user_name">user_name</string>
    <string name="user_id">user_id</string>
    <string name="user_key">user_key</string>
    <string name="user_validity">user_validity</string>
    <string name="user_point">user_point</string>
    <string name="user_settings">user_settings</string>
    <string name="gesture_description">gesture_description</string>
    <string name="user_password">user_password</string>
    <string name="user_sid">user_sid</string>
    <string name="user_invite">user_invite</string>
    <string name="tts_iflytek_settings">tts_iflytek_settings</string>
    <string name="fly_tts_speed">fly_tts_speed</string>
    <string name="fly_tts_speaker">fly_tts_speaker</string>
    <string name="fly_tts_volume">fly_tts_volume</string>
    <string name="tts_use_fly">tts_use_fly</string>
    <string name="fly_tts_pitch">fly_tts_pitch</string>
    <string name="tts_pitch">tts_pitch</string>
    <string name="tts_speed_double">tts_speed_double</string>
    <string name="tts_unisound_settings">tts_unisound_settings</string>
    <string name="system_tts_volume">system_tts_volume</string>
    <string name="app_gesture_package">app_gesture_package</string>
    <string name="char_mode_gesture">char_mode_gesture</string>
    <string name="notification_summary">notification_summary</string>
    <string name="use_image_filter">use_image_filter</string>
    <string name="gesture_settings">gesture_settings</string>
    <string name="setup_plugin">setup_plugin</string>
    <string name="xiaoyan">xiaoyan</string>
    <string name="check_update">check_update</string>
    <string name="favorites_list">favorites_list</string>
    <string name="favorites_manager">favorites_manager</string>
    <string name="use_multi_menu">use_multi_menu</string>
    <string name="use_left_right">use_left_right</string>
    <string name="use_list_item_index">use_list_item_index</string>
    <string name="use_old_previous">use_old_previous</string>
    <string name="baidu_tieba">baidu_tieba</string>
    <string name="use_single_tts">use_single_tts</string>
    <string name="use_auto_update">use_auto_update</string>
    <string name="use_pager_scroll">use_pager_scroll</string>
    <string name="use_supper_filter">use_supper_filter</string>
    <string name="change_log">change_log</string>
    <string name="use_up_long_quick_menu">use_up_long_quick_menu</string>
    <string name="use_show_dis_enabled_quick_menu">use_show_dis_enabled_quick_menu</string>
    <string name="voice_helper_setting">voice_helper_setting</string>
    <string name="voice_helper_copy">voice_helper_copy</string>
    <string name="trans_lang_from">trans_lang_from</string>
    <string name="auto">auto</string>
    <string name="use_edge_gesture">use_dge_gesture</string>
    <string name="left_edge_gesture">left_edge_gesture</string>
    <string name="right_edge_gesture">right_edge_gesture</string>
    <string name="down_volume_key">down_volume_key</string>
    <string name="up_volume_key">up_volume_key</string>
    <string name="use_speak_call_phone">use_speak_call_phone</string>
    <string name="use_speak_changed_volume">use_speak_changed_volume</string>
    <string name="vip_qq_group">vip_qq_group</string>
    <string name="qq_group2">qq_group2</string>
    <string name="left_long_edge_gesture">left_long_edge_gesture</string>
    <string name="right_long_edge_gesture">right_long_edge_gesture</string>
    <string name="up_volume_short_key">up_volume_short_key</string>
    <string name="down_volume_short_key">down_volume_short_key</string>
    <string name="use_ringtone_volume">use_ringtone_volume</string>
    <string name="timer_data">timer_data</string>
    <string name="up_down_volume_short_key">up_down_volume_short_key</string>
    <string name="timer_time">timer_time</string>
    <string name="tts_engine">tts_engine</string>
    <string name="async_tts_engine">async_tts_engine</string>
    <string name="tts_engine_default_value">system</string>
    <string name="async_tts_engine_default_value">unisound</string>
    <string name="timer_manager">timer_manager</string>
    <string name="use_foreground">use_foreground</string>
    <string name="use_speak_qq_changed">use_speak_qq_changed</string>
    <string name="right_button">right_button</string>
    <string name="left_button">left_button</string>
    <string name="use_add_async_tts">use_add_async_tts</string>
    <string name="questions_answers">questions_answers</string>
    <string name="use_alarm">use_alarm</string>
    <string name="use_long_click_voice_input">use_long_click_voice_input</string>
    <string name="voice_input_append_mode">voice_input_append_mode</string>
    <string name="general_usage_hints">general_usage_hints</string>
    <string name="general_speak_list">general_speak_list</string>
    <string name="general_settings">general_settings</string>
    <string name="use_custom_gesture">use_custom_gesture</string>
    <string name="custom_gesture_settings">custom_gesture_settings</string>
    <string name="use_foreground_pro">use_foreground_pro</string>
    <string name="use_power_save">use_power_save</string>
    <string name="keep_focus_position">keep_focus_position</string>
    <string name="download">download</string>
    <string name="content_blacklist_data">content_blacklist_data</string>
    <string name="use_number_speak">use_number_speak</string>
    <string name="use_input_method_gesture">use_inputmod_gesture</string>
    <string name="use_volume_key_move_text">use_volume_key_move_text</string>
    <string name="use_screen_on_speak">use_screen_on_speak</string>
    <string name="use_screen_off_speak">use_screen_off_speak</string>
    <string name="use_accessibility_volume">use_accessibility_volume</string>
    <string name="use_move_list_view_item">use_move_list_view_item</string>
    <string name="use_pinyin_speak">use_pinyin_speak</string>
    <string name="backup_settings">backup_settings</string>
    <string name="restore_settings">restore_settings</string>
    <string name="jieshuo_bbs">jieshuo_bbs</string>
    <string name="use_symbol_speak">use_symbol_speak</string>
    <string name="use_cloud_label">use_cloud_label</string>
    <string name="alarm_interval">alarm_interval</string>
    <string name="use_timer_speak">use_timer_speak</string>
    <string name="use_timer_vibrate">use_timer_vibrate</string>
    <string name="use_double_edge_gesture">use_double_edge_gesture</string>
    <string name="use_raw_click">use_raw_click</string>
    <string name="vip_qq_kefu">vip_qq_kefu</string>
    <string name="use_speak_changed_window">use_speak_changed_window</string>
    <string name="use_timer_sound">use_timer_sound</string>
    <string name="timer_setting">timer_setting</string>
    <string name="edge_gesture_setting">edge_gesture_setting</string>
    <string name="key_shortcut_setting">key_shortcut_setting</string>
    <string name="click_setting">click_setting</string>
    <string name="voice_cmd_setting">voice_cmd_setting</string>
    <string name="voice_helper_use_gestures">voice_helper_use_gestures</string>
    <string name="voice_helper_use_app_gestures">voice_helper_use_app_gestures</string>
    <string name="voice_helper_use_cmd">voice_helper_use_cmd</string>
    <string name="voice_helper_use_supper_cmd">voice_helper_use_supper_cmd</string>
    <string name="voice_helper_use_plugin">voice_helper_use_plugin</string>
    <string name="voice_helper_use_tool">voice_helper_use_tool</string>
    <string name="use_wake_lock_pro">use_wake_lock_pro</string>
    <string name="notification_black_list_data">notification_black_list_data</string>
    <string name="notification_white_list_data">notification_white_list_data</string>
    <string name="use_text_format_first">use_text_format_first</string>
    <string name="use_text_format_char_number">use_text_format_char_number</string>
    <string name="use_slow_speed">use_slow_speed</string>
    <string name="back_rap_action">back_rap_action</string>
    <string name="shake_action">shake_action</string>
    <string name="shake_action_sens">shake_action_sens</string>
    <string name="shake_action_call">shake_action_call</string>
    <string name="down_right_double_fling_left_gesture">down_right_double_fling_left_gesture</string>
    <string name="down_right_double_fling_up_gesture">down_right_double_fling_up_gesture</string>
    <string name="down_right_double_fling_right_gesture">down_right_double_fling_right_gesture</string>
    <string name="down_right_double_fling_down_gesture">down_right_double_fling_down_gesture</string>
    <string name="down_left_double_fling_left_gesture">down_left_double_fling_left_gesture</string>
    <string name="down_left_double_fling_up_gesture">down_left_double_fling_up_gesture</string>
    <string name="down_left_double_fling_right_gesture">down_left_double_fling_right_gesture</string>
    <string name="down_left_double_fling_down_gesture">down_left_double_fling_down_gesture</string>
    <string name="use_down_right_double_fling_gesture">use_down_right_double_fling_gesture</string>
    <string name="use_down_left_double_fling_gesture">use_down_left_double_fling_gesture</string>
    <string name="use_right_double_fling_gesture">use_right_double_fling_gesture</string>
    <string name="right_double_fling_left_gesture">right_double_fling_left_gesture</string>
    <string name="right_double_fling_right_gesture">right_double_fling_right_gesture</string>
    <string name="right_double_fling_up_gesture">right_double_fling_up_gesture</string>
    <string name="right_double_fling_down_gesture">right_double_fling_down_gesture</string>
    <string name="use_left_double_fling_gesture">use_left_double_fling_gesture</string>
    <string name="left_double_fling_left_gesture">left_double_fling_left_gesture</string>
    <string name="left_double_fling_right_gesture">left_double_fling_right_gesture</string>
    <string name="left_double_fling_up_gesture">left_double_fling_up_gesture</string>
    <string name="left_double_fling_down_gesture">left_double_fling_down_gesture</string>
    <string name="use_up_double_fling_gesture">use_up_double_fling_gesture</string>
    <string name="up_double_fling_left_gesture">up_double_fling_left_gesture</string>
    <string name="up_double_fling_right_gesture">up_double_fling_right_gesture</string>
    <string name="up_double_fling_up_gesture">up_double_fling_up_gesture</string>
    <string name="up_double_fling_down_gesture">up_double_fling_down_gesture</string>
    <string name="use_down_double_fling_gesture">use_down_double_fling_gesture</string>
    <string name="down_double_fling_left_gesture">down_double_fling_left_gesture</string>
    <string name="down_double_fling_right_gesture">down_double_fling_right_gesture</string>
    <string name="down_double_fling_up_gesture">down_double_fling_up_gesture</string>
    <string name="down_double_fling_down_gesture">down_double_fling_down_gesture</string>
    <string name="use_up_left_double_fling_gesture">use_up_left_double_fling_gesture</string>
    <string name="up_left_double_fling_left_gesture">up_left_double_fling_left_gesture</string>
    <string name="up_left_double_fling_right_gesture">up_left_double_fling_right_gesture</string>
    <string name="up_left_double_fling_up_gesture">up_left_double_fling_up_gesture</string>
    <string name="up_left_double_fling_down_gesture">up_left_double_fling_down_gesture</string>
    <string name="use_up_right_double_fling_gesture">use_up_right_double_fling_gesture</string>
    <string name="up_right_double_fling_left_gesture">up_right_double_fling_left_gesture</string>
    <string name="up_right_double_fling_right_gesture">up_right_double_fling_right_gesture</string>
    <string name="up_right_double_fling_up_gesture">up_right_double_fling_up_gesture</string>
    <string name="up_right_double_fling_down_gesture">up_right_double_fling_down_gesture</string>
    <string name="use_right_left_double_fling_gesture">use_right_left_double_fling_gesture</string>
    <string name="right_left_double_fling_left_gesture">right_left_double_fling_left_gesture</string>
    <string name="right_left_double_fling_right_gesture">right_left_double_fling_right_gesture</string>
    <string name="right_left_double_fling_up_gesture">right_left_double_fling_up_gesture</string>
    <string name="right_left_double_fling_down_gesture">right_left_double_fling_down_gesture</string>
    <string name="use_left_right_double_fling_gesture">use_left_right_double_fling_gesture</string>
    <string name="left_right_double_fling_left_gesture">left_right_double_fling_left_gesture</string>
    <string name="left_right_double_fling_right_gesture">left_right_double_fling_right_gesture</string>
    <string name="left_right_double_fling_up_gesture">left_right_double_fling_up_gesture</string>
    <string name="left_right_double_fling_down_gesture">left_right_double_fling_down_gesture</string>
    <string name="use_up_down_double_fling_gesture">use_up_down_double_fling_gesture</string>
    <string name="up_down_double_fling_left_gesture">up_down_double_fling_left_gesture</string>
    <string name="up_down_double_fling_right_gesture">up_down_double_fling_right_gesture</string>
    <string name="up_down_double_fling_up_gesture">up_down_double_fling_up_gesture</string>
    <string name="up_down_double_fling_down_gesture">up_down_double_fling_down_gesture</string>
    <string name="use_down_up_double_fling_gesture">use_down_up_double_fling_gesture</string>
    <string name="down_up_double_fling_left_gesture">down_up_double_fling_left_gesture</string>
    <string name="down_up_double_fling_right_gesture">down_up_double_fling_right_gesture</string>
    <string name="down_up_double_fling_up_gesture">down_up_double_fling_up_gesture</string>
    <string name="down_up_double_fling_down_gesture">down_up_double_fling_down_gesture</string>
    <string name="use_left_down_double_fling_gesture">use_left_down_double_fling_gesture</string>
    <string name="left_down_double_fling_left_gesture">left_down_double_fling_left_gesture</string>
    <string name="left_down_double_fling_right_gesture">left_down_double_fling_right_gesture</string>
    <string name="left_down_double_fling_up_gesture">left_down_double_fling_up_gesture</string>
    <string name="left_down_double_fling_down_gesture">left_down_double_fling_down_gesture</string>
    <string name="use_left_up_double_fling_gesture">use_left_up_double_fling_gesture</string>
    <string name="left_up_double_fling_left_gesture">left_up_double_fling_left_gesture</string>
    <string name="left_up_double_fling_right_gesture">left_up_double_fling_right_gesture</string>
    <string name="left_up_double_fling_up_gesture">left_up_double_fling_up_gesture</string>
    <string name="left_up_double_fling_down_gesture">left_up_double_fling_down_gesture</string>
    <string name="use_right_down_double_fling_gesture">use_right_down_double_fling_gesture</string>
    <string name="right_down_double_fling_left_gesture">right_down_double_fling_left_gesture</string>
    <string name="right_down_double_fling_right_gesture">right_down_double_fling_right_gesture</string>
    <string name="right_down_double_fling_up_gesture">right_down_double_fling_up_gesture</string>
    <string name="right_down_double_fling_down_gesture">right_down_double_fling_down_gesture</string>
    <string name="use_right_up_double_fling_gesture">use_right_up_double_fling_gesture</string>
    <string name="right_up_double_fling_left_gesture">right_up_double_fling_left_gesture</string>
    <string name="right_up_double_fling_right_gesture">right_up_double_fling_right_gesture</string>
    <string name="right_up_double_fling_up_gesture">right_up_double_fling_up_gesture</string>
    <string name="right_up_double_fling_down_gesture">right_up_double_fling_down_gesture</string>
    <string name="system_tts_pitch">system_tts_pitch</string>
    <string name="system_tts_speed">system_tts_speed</string>
    <string name="system_tts_engine">system_tts_engine</string>
    <string name="timer_interval">timer_interval</string>
    <string name="gesture_help">gesture_help</string>
    <string name="show_volume_ui">show_volume_ui</string>
    <string name="use_fingerprint_gesture">use_fingerprint_gesture</string>
    <string name="fingerprint_left_gesture">fingerprint_left_gesture</string>
    <string name="fingerprint_right_gesture">fingerprint_right_gesture</string>
    <string name="fingerprint_up_gesture">fingerprint_up_gesture</string>
    <string name="fingerprint_down_gesture">fingerprint_down_gesture</string>
    <string name="unknown_index">unknown_index</string>
    <string name="alarm_start_hour">alarm_start_hour</string>
    <string name="alarm_end_hour">alarm_end_hour</string>
    <string name="voice_helper_use_click">voice_helper_use_click</string>
    <string name="voice_helper_use_app">voice_helper_use_app</string>
    <string name="edge_gesture_width">edge_gesture_width</string>
    <string name="left_edge_gesture_items">left_edge_gesture_items</string>
    <string name="right_edge_gesture_items">right_edge_gesture_items</string>
    <string name="multi_menu_items">menu_items</string>
    <string name="main_menu_items">main_menu_items</string>
    <string name="use_edge_gesture_menu">use_edge_gesture_menu</string>
    <string name="use_left_edge_gesture_quick_menu">use_left_edge_gesture_quick_menu</string>
    <string name="use_small_filter">use_small_filter</string>
    <string name="voice_recognizer">voice_recognizer</string>
    <string name="use_text_format_char_upper">use_text_format_char_upper</string>
    <string name="voice_helper_media_mute_mode">voice_helper_media_mute_mode</string>
    <string name="locale">locale</string>
    <string name="trans_lang_to">trans_lang_to</string>
    <string name="recognizer_lang">recognizer_lang</string>
    <string name="float_menu_items">float_menu_items</string>
    <string name="use_float_menu">use_float_menu</string>
    <string name="tts_scale">tts_scale</string>
    <string name="code_help">code_help</string>
    <string name="timer_tags_items">timer_tags_manager</string>
    <string name="echo_tts_scale">echo_tts_scale</string>
    <string name="echo_tts_volume">echo_tts_volume</string>
    <string name="echo_tts_speed">echo_tts_speed</string>
    <string name="echo_tts_pitch">echo_tts_pitch</string>
    <string name="tts_echo_voice_settings">tts_echo_voice_settings</string>
    <string name="system_voice_recognizer">system_voice_recognizer</string>
    <string name="use_web_type_move">use_web_type_move</string>
    <string name="use_text_format_read_word">use_text_format_read_word</string>
    <string name="game_mode">game_mode</string>
    <string name="use_dpad_key">use_dpad_key</string>
    <string name="ocr_engine">ocr_engine</string>
    <string name="system_tts_scale">system_tts_scale</string>
    <string name="send_email">send_email</string>
    <string name="voice_helper_use_blot">voice_helper_use_blot</string>
    <string name="cloud_backup_settings">cloud_backup_settings</string>
    <string name="cloud_restore_settings">cloud_restore_settings</string>
    <string name="cloud_backup_clipboard">cloud_backup_clipboard</string>
    <string name="cloud_backup_favorites">cloud_backup_favorites</string>
    <string name="cloud_backup_timer">cloud_backup_timer</string>
    <string name="cloud_restore_timer">cloud_restore_timer</string>
    <string name="cloud_restore_clipboard">cloud_restore_clipboard</string>
    <string name="cloud_restore_favorites">cloud_restore_favorites</string>
    <string name="cloud_backup_restore_settings">cloud_backup_restore_settings</string>
    <string name="cloud_backup_label">cloud_backup_label</string>
    <string name="cloud_restore_label">cloud_restore_label</string>
    <string name="cloud_backup_gesture">cloud_backup_gesture</string>
    <string name="cloud_restore_gesture">cloud_restore_gesture</string>
    <string name="cloud_restore_sound">cloud_restore_sound</string>
    <string name="cloud_backup_cmd">cloud_backup_cmd</string>
    <string name="cloud_restore_cmd">cloud_restore_cmd</string>
    <string name="cloud_backup_sound">cloud_backup_sound</string>
    <string name="ocr_baidu_secret">ocr_baidu_secret</string>
    <string name="ocr_baidu_key">ocr_baidu_key</string>
    <string name="ocr_baidu_id">ocr_baidu_id</string>
    <string name="use_ocr_baidu">use_ocr_baidu</string>
    <string name="ocr_lang">ocr_lang</string>
    <string name="timer_run">timer_run</string>
    <string name="use_web_view_name">use_web_view_name</string>
    <string name="check_permissions">check_permissions</string>
    <string name="check_overlay_permissions">check_overlay_permissions</string>
    <string name="check_battery_permissions">check_battery_permissions</string>
    <string name="open_application_info">open_application_info</string>
    <string name="open_setup_setting">open_setup_setting</string>
    <string name="check_notification_permissions">check_notification_permissions</string>
    <string name="welcome">welcome</string>
    <string name="setup_setting">setup_setting</string>
    <string name="plugin">plugin</string>
    <string name="use_custom_symbol_speak">use_custom_symbol_speak</string>
    <string name="custom_symbol">custom_symbol</string>
    <string name="use_custom_dict_speak">use_custom_dict_speak</string>
    <string name="custom_dict">custom_dict</string>
    <string name="use_emoji_speak">use_emoji_speak</string>
    <string name="custom_dict_data">custom_dict_data</string>
    <string name="custom_symbol_data">custom_symbol_data</string>
    <string name="note">note</string>
    <string name="use_loop_move">use_loop_move</string>
    <string name="custom_sound_settings">custom_sound_settings</string>
    <string name="read_mode">read_mode</string>
    <string name="use_bottom_menu_edge_gesture">use_bottom_menu_edge_gesture</string>
    <string name="lang">en</string>
    <string name="hot_key_package">hot_key_package</string>
    <string name="custom_hot_key_settings">custom_hot_key_settings</string>
    <string name="hot_key_description">hot_key_description</string>
    <string name="hot_key_settings">hot_key_settings</string>
    <string name="app_hot_key_package">app_hot_key_package</string>
    <string name="use_scroll_list_content">use_scroll_list_content</string>
    <string name="use_view_type_move">use_view_type_move</string>
    <string name="web_type_move">web_type_move</string>
    <string name="view_type_move">view_type_move</string>
    <string name="notification_in_touch_no_speak">notification_in_touch_no_speak</string>
    <string name="use_keep_type_move">use_keep_type_move</string>
    <string name="hot_key_manager">hot_key_manager</string>
    <string name="cloud_backup_hot_key">cloud_backup_hot_key</string>
    <string name="cloud_restore_hot_key">cloud_restore_hot_key</string>
    <string name="use_multi_touch_mode">use_multi_touch_mode</string>
    <string name="timer_mode_pause">timer_mode_pause</string>
    <string name="timer_mode_pause_start">timer_mode_pause_start</string>
    <string name="timer_mode_pause_time">timer_mode_pause_time</string>
    <string name="use_accessibility_volume_fix">use_accessibility_volume_fix</string>
    <string name="show_download">show_download</string>
    <string name="use_speak_key">use_speak_key</string>
    <string name="auto_speak_apps">auto_speak_apps</string>
    <string name="auto_speak_blacklist">auto_speak_blacklist</string>
    <string name="auto_speak_blacklist_data">auto_speak_blacklist_data</string>
    <string name="next_chapter">next_chapter</string>
    <string name="previous_chapter">previous_chapter</string>
    <string name="activation_time">activation_time</string>
    <string name="cloud_multi_backup">cloud_multi_backup</string>
    <string name="cloud_multi_restore">cloud_multi_restore</string>
    <string name="search_engine">search_engine</string>
    <string name="use_touch_stop">use_touch_stop</string>
    <string name="edit_file">edit_file</string>
    <string name="up_volume_key_off">up_volume_key_off</string>
    <string name="down_volume_key_off">down_volume_key_off</string>
    <string name="use_loop_move_space">use_loop_move_space</string>
    <string name="use_view_type_move_mode">use_view_type_move_mode</string>
    <string name="app_hot_key_shortcut">app_hot_key_shortcut</string>
    <string name="use_more_node">use_more_node</string>
    <string name="use_multi_hot_key">use_multi_hot_key</string>
    <string name="up_volume_2_key">up_volume_2_key</string>
    <string name="up_volume_3_key">up_volume_3_key</string>
    <string name="down_volume_2_key">down_volume_2_key</string>
    <string name="down_volume_3_key">down_volume_3_key</string>
    <string name="download_url">download_url</string>
    <string name="use_recording_stop">use_recording_stop</string>
    <string name="use_speak_call_time">use_speak_call_time</string>
    <string name="use_list_item_index_real_time">use_list_item_index_real_time</string>
    <string name="use_answer_phone_calls_gesture">use_answer_phone_calls_gesture</string>
    <string name="accessibility_focus_appearance">accessibility_focus_appearance</string>
    <string name="accessibility_focus_appearance_stroke">accessibility_focus_appearance_stroke</string>
    <string name="keep_focus_position_speak">keep_focus_position_speak</string>
    <string name="float_menu_x">float_menu_x</string>
    <string name="float_menu_y">float_menu_y</string>
    <string name="use_custom_dict_regex">use_custom_dict_regex</string>
    <string name="profiles">profiles</string>
    <string name="profiles_data">profiles_data</string>
    <string name="ocr_clean_keyword_data">ocr_clean_keyword_data</string>
    <string name="ocr_clean_keyword">ocr_clean_keyword</string>
    <string name="audio_focus">audio_focus</string>
    <string name="accessibility_volume">accessibility_volume</string>
    <string name="proixmity_sensor">proixmity_sensor</string>
    <string name="touch_stop">touch_stop</string>
    <string name="wake_lock">wake_lock</string>
    <string name="echo_tts_speaker">echo_tts_speaker</string>
    <string name="async_touch_stop">async_touch_stop</string>
    <string name="async_audio_focus">async_audio_focus</string>
    <string name="download_sound_package">download_sound_package</string>
    <string name="alua_help">alua_help</string>
    <string name="fly_number_speak">fly_number_speak</string>
    <string name="fly_pinyin_speak">fly_pinyin_speak</string>
    <string name="use_navigation_gesture">use_navigation_gesture</string>
    <string name="use_scroll_list_keep_position">use_scroll_list_keep_position</string>
    <string name="notification_speak2">notification_speak2</string>
    <string name="use_dim_screen">use_dim_screen</string>
    <string name="use_new_web_type">use_new_web_type</string>
    <string name="lua_help">lua_help</string>
    <string name="split_row_keyword">split_row_keyword</string>
    <string name="use_proximity_false_touch_prevention">use_proximity_false_touch_prevention</string>
    <string name="async_proixmity_sensor">async_proixmity_sensor</string>
    <string name="use_proximity_false_touch_prevention_only_lock">use_proximity_false_touch_prevention_only_lock</string>
    <string name="delete_log">delete_log</string>
    <string name="use_custom_speak_clear">use_custom_speak_clear</string>
    <string name="custom_speak_clear">custom_speak_clear</string>
    <string name="custom_speak_clear_data">custom_speak_clear_data</string>
    <string name="use_custom_speak_symbol_number">use_custom_speak_symbol_number</string>
    <string name="custom_speak_symbol_number">custom_speak_symbol_number</string>
    <string name="custom_speak_symbol_number_data">custom_speak_symbol_number_data</string>
    <string name="use_emoji_speak_clear">use_emoji_speak_clear</string>
    <string name="content_label">content_label</string>
    <string name="use_custom_node_name">use_custom_node_name</string>
    <string name="custom_node_name">custom_node_name</string>
    <string name="use_emoji_speak_mode">use_emoji_speak_mode</string>
    <string name="use_no_bluetooth">use_no_bluetooth</string>
    <string name="use_input_method_speak_key">use_input_method_speak_key</string>
    <string name="use_input_method_speak_candidate">use_input_method_speak_candidate</string>
    <string name="use_input_method_speak_commit">use_input_method_speak_commit</string>
    <string name="use_input_method_speak_password">use_input_method_speak_password</string>
    <string name="use_input_method_double_tap">use_input_method_double_tap</string>
    <string name="speak_call_phone_index">speak_call_phone_index</string>
    <string name="use_input_method_no_touch">use_input_method_no_touch</string>
    <string name="use_input_method_speak_commit_space">use_input_method_speak_commit_space</string>
    <string name="use_screen_on_speak_battery">use_screen_on_speak_battery</string>
    <string name="use_screen_on_speak_notification">use_screen_on_speak_notification</string>
    <string name="use_fast_node">use_fast_node</string>
    <string name="ocr_portrait_mode">ocr_portrait_mode</string>
    <string name="ocr_landscape_mode">ocr_landscape_mode</string>
    <string name="open_web">open_web</string>
    <string name="use_game_mode_no_speak">use_game_mode_no_speak</string>
    <string name="use_game_mode_no_edge">use_game_mode_no_edge</string>
    <string name="timer_items">timer_items</string>
    <string name="cur_timer_tags">cur_timer_tags</string>
    <string name="timer_tts_scale">timer_tts_scale</string>
    <string name="timer_tts_engine">timer_tts_engine</string>
    <string name="use_timer_stream_type">use_timer_stream_type</string>
    <string name="timer_tts_speed">timer_tts_speed</string>
    <string name="timer_tts_volume">timer_tts_volume</string>
    <string name="timer_tts_pitch">timer_tts_pitch</string>
    <string name="double_fling">double_fling</string>
    <string name="use_show_text">use_show_text</string>
    <string name="use_window_title_changed">use_window_title_changed</string>
</resources>
